file_name,label
p227_164_GradTTS,spoof
p228_119_GradTTS,spoof
p227_126_GradTTS,spoof
p227_298_GradTTS,spoof
p228_256_GradTTS,spoof
p227_058_GradTTS,spoof
p227_229_GradTTS,spoof
p228_136_GradTTS,spoof
p227_265_GradTTS,spoof
p227_026_GradTTS,spoof
p227_292_GradTTS,spoof
p228_262_GradTTS,spoof
p227_210_GradTTS,spoof
p227_030_GradTTS,spoof
p227_192_GradTTS,spoof
p228_065_GradTTS,spoof
p228_223_GradTTS,spoof
p227_097_GradTTS,spoof
p227_196_GradTTS,spoof
p228_092_GradTTS,spoof
p227_220_GradTTS,spoof
p227_060_GradTTS,spoof
p228_110_GradTTS,spoof
p227_050_GradTTS,spoof
p228_015_GradTTS,spoof
p227_004_GradTTS,spoof
p228_040_GradTTS,spoof
p227_162_GradTTS,spoof
p227_282_GradTTS,spoof
p227_123_GradTTS,spoof
p228_167_GradTTS,spoof
p228_067_GradTTS,spoof
p227_179_GradTTS,spoof
p228_002_GradTTS,spoof
p228_071_GradTTS,spoof
p227_225_GradTTS,spoof
p228_037_GradTTS,spoof
p227_009_GradTTS,spoof
p228_049_GradTTS,spoof
p227_118_GradTTS,spoof
p227_207_GradTTS,spoof
p227_025_GradTTS,spoof
p228_153_GradTTS,spoof
p227_163_GradTTS,spoof
p228_115_GradTTS,spoof
p228_102_GradTTS,spoof
p227_019_GradTTS,spoof
p227_293_GradTTS,spoof
p228_227_GradTTS,spoof
p228_207_GradTTS,spoof
p228_172_GradTTS,spoof
p227_170_GradTTS,spoof
p227_091_GradTTS,spoof
p228_275_GradTTS,spoof
p227_148_GradTTS,spoof
p227_059_GradTTS,spoof
p227_043_GradTTS,spoof
p227_056_GradTTS,spoof
p227_104_GradTTS,spoof
p227_194_GradTTS,spoof
p228_019_GradTTS,spoof
p227_133_GradTTS,spoof
p227_168_GradTTS,spoof
p228_001_GradTTS,spoof
p228_272_GradTTS,spoof
p228_201_GradTTS,spoof
p227_139_GradTTS,spoof
p227_132_GradTTS,spoof
p227_241_GradTTS,spoof
p228_097_GradTTS,spoof
p228_150_GradTTS,spoof
p228_051_GradTTS,spoof
p228_248_GradTTS,spoof
p227_226_GradTTS,spoof
p227_122_GradTTS,spoof
p227_096_GradTTS,spoof
p227_234_GradTTS,spoof
p227_150_GradTTS,spoof
p227_006_GradTTS,spoof
p227_117_GradTTS,spoof
p228_106_GradTTS,spoof
p227_149_GradTTS,spoof
p227_248_GradTTS,spoof
p227_294_GradTTS,spoof
p228_039_GradTTS,spoof
p228_208_GradTTS,spoof
p228_228_GradTTS,spoof
p228_083_GradTTS,spoof
p228_189_GradTTS,spoof
p227_013_GradTTS,spoof
p228_087_GradTTS,spoof
p228_195_GradTTS,spoof
p227_205_GradTTS,spoof
p228_154_GradTTS,spoof
p228_247_GradTTS,spoof
p228_101_GradTTS,spoof
p227_001_GradTTS,spoof
p228_140_GradTTS,spoof
p227_213_GradTTS,spoof
p228_229_GradTTS,spoof
p227_176_GradTTS,spoof
p227_197_GradTTS,spoof
p227_066_GradTTS,spoof
p228_017_GradTTS,spoof
p227_082_GradTTS,spoof
p227_069_GradTTS,spoof
p228_069_GradTTS,spoof
p227_053_GradTTS,spoof
p227_263_GradTTS,spoof
p228_280_GradTTS,spoof
p227_070_GradTTS,spoof
p228_232_GradTTS,spoof
p227_089_GradTTS,spoof
p227_177_GradTTS,spoof
p227_074_GradTTS,spoof
p228_164_GradTTS,spoof
p227_276_GradTTS,spoof
p228_077_GradTTS,spoof
p227_272_GradTTS,spoof
p228_086_GradTTS,spoof
p227_067_GradTTS,spoof
p228_261_GradTTS,spoof
p227_128_GradTTS,spoof
p228_085_GradTTS,spoof
p227_036_GradTTS,spoof
p228_242_GradTTS,spoof
p227_186_GradTTS,spoof
p228_063_GradTTS,spoof
p228_076_GradTTS,spoof
p227_271_GradTTS,spoof
p228_282_GradTTS,spoof
p227_005_GradTTS,spoof
p228_012_GradTTS,spoof
p228_025_GradTTS,spoof
p227_115_GradTTS,spoof
p227_266_GradTTS,spoof
p227_216_GradTTS,spoof
p227_295_GradTTS,spoof
p228_046_GradTTS,spoof
p228_197_GradTTS,spoof
p227_155_GradTTS,spoof
p227_223_GradTTS,spoof
p228_121_GradTTS,spoof
p228_281_GradTTS,spoof
p227_092_GradTTS,spoof
p227_095_GradTTS,spoof
p228_192_GradTTS,spoof
p227_222_GradTTS,spoof
p228_047_GradTTS,spoof
p227_068_GradTTS,spoof
p228_099_GradTTS,spoof
p227_137_GradTTS,spoof
p228_237_GradTTS,spoof
p227_245_GradTTS,spoof
p227_236_GradTTS,spoof
p227_134_GradTTS,spoof
p228_027_GradTTS,spoof
p228_031_GradTTS,spoof
p227_209_GradTTS,spoof
p227_175_GradTTS,spoof
p228_033_GradTTS,spoof
p227_111_GradTTS,spoof
p227_153_GradTTS,spoof
p227_048_GradTTS,spoof
p228_029_GradTTS,spoof
p227_200_GradTTS,spoof
p228_062_GradTTS,spoof
p227_020_GradTTS,spoof
p228_158_GradTTS,spoof
p227_086_GradTTS,spoof
p228_090_GradTTS,spoof
p227_033_GradTTS,spoof
p228_144_GradTTS,spoof
p227_151_GradTTS,spoof
p227_161_GradTTS,spoof
p227_287_GradTTS,spoof
p227_206_GradTTS,spoof
p227_072_GradTTS,spoof
p227_116_GradTTS,spoof
p227_202_GradTTS,spoof
p227_203_GradTTS,spoof
p228_214_GradTTS,spoof
p228_216_GradTTS,spoof
p227_279_GradTTS,spoof
p228_006_GradTTS,spoof
p228_236_GradTTS,spoof
p228_218_GradTTS,spoof
p227_142_GradTTS,spoof
p228_177_GradTTS,spoof
p227_141_GradTTS,spoof
p228_293_GradTTS,spoof
p227_021_GradTTS,spoof
p228_113_GradTTS,spoof
p227_022_GradTTS,spoof
p228_220_GradTTS,spoof
p228_058_GradTTS,spoof
p227_253_GradTTS,spoof
p228_264_GradTTS,spoof
p227_078_GradTTS,spoof
p227_211_GradTTS,spoof
p228_004_GradTTS,spoof
p227_088_GradTTS,spoof
p227_178_GradTTS,spoof
p227_258_GradTTS,spoof
p228_053_GradTTS,spoof
p228_056_GradTTS,spoof
p227_113_GradTTS,spoof
p228_291_GradTTS,spoof
p228_162_GradTTS,spoof
p228_203_GradTTS,spoof
p228_300_GradTTS,spoof
p228_235_GradTTS,spoof
p227_061_GradTTS,spoof
p228_018_GradTTS,spoof
p228_103_GradTTS,spoof
p227_028_GradTTS,spoof
p228_284_GradTTS,spoof
p228_184_GradTTS,spoof
p228_141_GradTTS,spoof
p228_183_GradTTS,spoof
p228_198_GradTTS,spoof
p228_131_GradTTS,spoof
p228_023_GradTTS,spoof
p228_285_GradTTS,spoof
p228_021_GradTTS,spoof
p227_143_GradTTS,spoof
p227_217_GradTTS,spoof
p228_126_GradTTS,spoof
p228_251_GradTTS,spoof
p227_073_GradTTS,spoof
p228_209_GradTTS,spoof
p227_129_GradTTS,spoof
p228_200_GradTTS,spoof
p228_290_GradTTS,spoof
p227_173_GradTTS,spoof
p227_277_GradTTS,spoof
p227_184_GradTTS,spoof
p227_038_GradTTS,spoof
p227_280_GradTTS,spoof
p228_041_GradTTS,spoof
p228_120_GradTTS,spoof
p228_028_GradTTS,spoof
p227_041_GradTTS,spoof
p227_231_GradTTS,spoof
p227_027_GradTTS,spoof
p227_063_GradTTS,spoof
p228_073_GradTTS,spoof
p228_215_GradTTS,spoof
p227_214_GradTTS,spoof
p227_076_GradTTS,spoof
p227_099_GradTTS,spoof
p228_168_GradTTS,spoof
p227_167_GradTTS,spoof
p228_116_GradTTS,spoof
p228_263_GradTTS,spoof
p227_015_GradTTS,spoof
p227_106_GradTTS,spoof
p228_117_GradTTS,spoof
p228_133_GradTTS,spoof
p227_240_GradTTS,spoof
p227_054_GradTTS,spoof
p228_253_GradTTS,spoof
p228_124_GradTTS,spoof
p228_061_GradTTS,spoof
p227_201_GradTTS,spoof
p228_166_GradTTS,spoof
p227_169_GradTTS,spoof
p227_120_GradTTS,spoof
p228_134_GradTTS,spoof
p228_016_GradTTS,spoof
p228_112_GradTTS,spoof
p227_159_GradTTS,spoof
p227_249_GradTTS,spoof
p228_038_GradTTS,spoof
p227_252_GradTTS,spoof
p228_024_GradTTS,spoof
p227_065_GradTTS,spoof
p228_298_GradTTS,spoof
p227_174_GradTTS,spoof
p228_114_GradTTS,spoof
p228_202_GradTTS,spoof
p228_255_GradTTS,spoof
p227_260_GradTTS,spoof
p228_108_GradTTS,spoof
p228_295_GradTTS,spoof
p227_114_GradTTS,spoof
p227_046_GradTTS,spoof
p228_068_GradTTS,spoof
p228_060_GradTTS,spoof
p228_070_GradTTS,spoof
p227_219_GradTTS,spoof
p228_210_GradTTS,spoof
p228_231_GradTTS,spoof
p227_182_GradTTS,spoof
p228_072_GradTTS,spoof
p227_251_GradTTS,spoof
p227_227_GradTTS,spoof
p227_230_GradTTS,spoof
p228_250_GradTTS,spoof
p227_165_GradTTS,spoof
p228_052_GradTTS,spoof
p227_281_GradTTS,spoof
p228_297_GradTTS,spoof
p227_288_GradTTS,spoof
p227_140_GradTTS,spoof
p227_239_GradTTS,spoof
p227_002_GradTTS,spoof
p227_101_GradTTS,spoof
p227_110_GradTTS,spoof
p228_078_GradTTS,spoof
p227_255_GradTTS,spoof
p228_175_GradTTS,spoof
p228_294_GradTTS,spoof
p228_240_GradTTS,spoof
p228_128_GradTTS,spoof
p228_009_GradTTS,spoof
p228_206_GradTTS,spoof
p227_267_GradTTS,spoof
p227_171_GradTTS,spoof
p228_059_GradTTS,spoof
p228_014_GradTTS,spoof
p228_266_GradTTS,spoof
p227_079_GradTTS,spoof
p228_169_GradTTS,spoof
p228_171_GradTTS,spoof
p228_277_GradTTS,spoof
p227_011_GradTTS,spoof
p228_278_GradTTS,spoof
p227_157_GradTTS,spoof
p227_180_GradTTS,spoof
p227_228_GradTTS,spoof
p227_064_GradTTS,spoof
p227_259_GradTTS,spoof
p228_151_GradTTS,spoof
p227_100_GradTTS,spoof
p228_139_GradTTS,spoof
p227_130_GradTTS,spoof
p227_247_GradTTS,spoof
p228_035_GradTTS,spoof
p227_187_GradTTS,spoof
p228_042_GradTTS,spoof
p227_289_GradTTS,spoof
p227_077_GradTTS,spoof
p227_284_GradTTS,spoof
p227_107_GradTTS,spoof
p228_007_GradTTS,spoof
p228_190_GradTTS,spoof
p227_135_GradTTS,spoof
p228_219_GradTTS,spoof
p228_100_GradTTS,spoof
p227_144_GradTTS,spoof
p227_154_GradTTS,spoof
p228_279_GradTTS,spoof
p227_299_GradTTS,spoof
p227_232_GradTTS,spoof
p228_030_GradTTS,spoof
p227_093_GradTTS,spoof
p228_003_GradTTS,spoof
p227_052_GradTTS,spoof
p227_102_GradTTS,spoof
p227_261_GradTTS,spoof
p227_103_GradTTS,spoof
p227_083_GradTTS,spoof
p227_257_GradTTS,spoof
p227_145_GradTTS,spoof
p228_148_GradTTS,spoof
p227_109_GradTTS,spoof
p227_075_GradTTS,spoof
p228_211_GradTTS,spoof
p227_090_GradTTS,spoof
p228_156_GradTTS,spoof
p228_008_GradTTS,spoof
p228_271_GradTTS,spoof
p227_191_GradTTS,spoof
p228_043_GradTTS,spoof
p228_160_GradTTS,spoof
p228_138_GradTTS,spoof
p228_188_GradTTS,spoof
p228_093_GradTTS,spoof
p227_098_GradTTS,spoof
p228_137_GradTTS,spoof
p227_270_GradTTS,spoof
p227_125_GradTTS,spoof
p227_136_GradTTS,spoof
p227_256_GradTTS,spoof
p228_225_GradTTS,spoof
p227_051_GradTTS,spoof
p228_222_GradTTS,spoof
p227_138_GradTTS,spoof
p228_088_GradTTS,spoof
p228_199_GradTTS,spoof
p227_042_GradTTS,spoof
p227_085_GradTTS,spoof
p228_095_GradTTS,spoof
p227_199_GradTTS,spoof
p227_049_GradTTS,spoof
p227_012_GradTTS,spoof
p228_185_GradTTS,spoof
p228_193_GradTTS,spoof
p227_268_GradTTS,spoof
p228_243_GradTTS,spoof
p227_071_GradTTS,spoof
p227_238_GradTTS,spoof
p227_283_GradTTS,spoof
p227_147_GradTTS,spoof
p227_233_GradTTS,spoof
p227_018_GradTTS,spoof
p228_034_GradTTS,spoof
p227_007_GradTTS,spoof
p227_029_GradTTS,spoof
p228_238_GradTTS,spoof
p228_181_GradTTS,spoof
p227_250_GradTTS,spoof
p227_055_GradTTS,spoof
p228_013_GradTTS,spoof
p228_246_GradTTS,spoof
p228_260_GradTTS,spoof
p228_173_GradTTS,spoof
p227_273_GradTTS,spoof
p227_262_GradTTS,spoof
p227_204_GradTTS,spoof
p228_104_GradTTS,spoof
p228_213_GradTTS,spoof
p227_246_GradTTS,spoof
p228_254_GradTTS,spoof
p228_044_GradTTS,spoof
p228_125_GradTTS,spoof
p227_254_GradTTS,spoof
p227_285_GradTTS,spoof
p228_096_GradTTS,spoof
p228_074_GradTTS,spoof
p228_159_GradTTS,spoof
p227_158_GradTTS,spoof
p227_044_GradTTS,spoof
p227_195_GradTTS,spoof
p228_204_GradTTS,spoof
p228_170_GradTTS,spoof
p228_176_GradTTS,spoof
p228_212_GradTTS,spoof
p227_160_GradTTS,spoof
p227_094_GradTTS,spoof
p228_142_GradTTS,spoof
p228_186_GradTTS,spoof
p228_178_GradTTS,spoof
p228_084_GradTTS,spoof
p227_081_GradTTS,spoof
p227_242_GradTTS,spoof
p228_135_GradTTS,spoof
p227_290_GradTTS,spoof
p228_187_GradTTS,spoof
p228_286_GradTTS,spoof
p228_089_GradTTS,spoof
p227_198_GradTTS,spoof
p228_091_GradTTS,spoof
p227_017_GradTTS,spoof
p228_020_GradTTS,spoof
p227_124_GradTTS,spoof
p228_221_GradTTS,spoof
p228_105_GradTTS,spoof
p227_286_GradTTS,spoof
p227_278_GradTTS,spoof
p228_265_GradTTS,spoof
p228_109_GradTTS,spoof
p228_289_GradTTS,spoof
p227_040_GradTTS,spoof
p228_129_GradTTS,spoof
p227_275_GradTTS,spoof
p228_054_GradTTS,spoof
p227_035_GradTTS,spoof
p227_208_GradTTS,spoof
p228_226_GradTTS,spoof
p227_146_GradTTS,spoof
p227_215_GradTTS,spoof
p228_268_GradTTS,spoof
p228_224_GradTTS,spoof
p228_239_GradTTS,spoof
p228_152_GradTTS,spoof
p228_064_GradTTS,spoof
p228_080_GradTTS,spoof
p227_084_GradTTS,spoof
p227_193_GradTTS,spoof
p227_166_GradTTS,spoof
p228_107_GradTTS,spoof
p228_205_GradTTS,spoof
p228_194_GradTTS,spoof
p227_190_GradTTS,spoof
p228_245_GradTTS,spoof
p227_032_GradTTS,spoof
p228_233_GradTTS,spoof
p228_269_GradTTS,spoof
p228_147_GradTTS,spoof
p228_288_GradTTS,spoof
p228_217_GradTTS,spoof
p227_003_GradTTS,spoof
p227_037_GradTTS,spoof
p227_057_GradTTS,spoof
p227_031_GradTTS,spoof
p228_257_GradTTS,spoof
p228_283_GradTTS,spoof
p228_057_GradTTS,spoof
p228_161_GradTTS,spoof
p227_291_GradTTS,spoof
p227_221_GradTTS,spoof
p228_241_GradTTS,spoof
p228_055_GradTTS,spoof
p228_249_GradTTS,spoof
p227_218_GradTTS,spoof
p227_121_GradTTS,spoof
p228_066_GradTTS,spoof
p227_108_GradTTS,spoof
p228_180_GradTTS,spoof
p228_050_GradTTS,spoof
p227_156_GradTTS,spoof
p227_212_GradTTS,spoof
p227_105_GradTTS,spoof
p228_252_GradTTS,spoof
p227_235_GradTTS,spoof
p228_179_GradTTS,spoof
p228_045_GradTTS,spoof
p228_022_GradTTS,spoof
p228_163_GradTTS,spoof
p227_244_GradTTS,spoof
p228_258_GradTTS,spoof
p227_296_GradTTS,spoof
p227_080_GradTTS,spoof
p228_145_GradTTS,spoof
p228_122_GradTTS,spoof
p227_185_GradTTS,spoof
p227_062_GradTTS,spoof
p228_032_GradTTS,spoof
p228_157_GradTTS,spoof
p228_094_GradTTS,spoof
p227_237_GradTTS,spoof
p227_224_GradTTS,spoof
p227_274_GradTTS,spoof
p227_112_GradTTS,spoof
p228_132_GradTTS,spoof
p228_230_GradTTS,spoof
p228_118_GradTTS,spoof
p227_300_GradTTS,spoof
p227_127_GradTTS,spoof
p227_189_GradTTS,spoof
p227_039_GradTTS,spoof
p228_270_GradTTS,spoof
p228_098_GradTTS,spoof
p228_123_GradTTS,spoof
p228_296_GradTTS,spoof
p228_005_GradTTS,spoof
p228_267_GradTTS,spoof
p227_008_GradTTS,spoof
p227_152_GradTTS,spoof
p228_075_GradTTS,spoof
p228_146_GradTTS,spoof
p228_299_GradTTS,spoof
p227_024_GradTTS,spoof
p228_010_GradTTS,spoof
p228_081_GradTTS,spoof
p228_274_GradTTS,spoof
p227_087_GradTTS,spoof
p228_234_GradTTS,spoof
p227_183_GradTTS,spoof
p228_259_GradTTS,spoof
p227_010_GradTTS,spoof
p228_244_GradTTS,spoof
p228_165_GradTTS,spoof
p228_079_GradTTS,spoof
p228_011_GradTTS,spoof
p228_273_GradTTS,spoof
p227_047_GradTTS,spoof
p228_196_GradTTS,spoof
p228_182_GradTTS,spoof
p227_297_GradTTS,spoof
p228_276_GradTTS,spoof
p227_269_GradTTS,spoof
p227_188_GradTTS,spoof
p228_287_GradTTS,spoof
p227_131_GradTTS,spoof
p227_181_GradTTS,spoof
p228_127_GradTTS,spoof
p228_191_GradTTS,spoof
p227_172_GradTTS,spoof
p227_023_GradTTS,spoof
p228_082_GradTTS,spoof
p228_048_GradTTS,spoof
p228_149_GradTTS,spoof
p227_119_GradTTS,spoof
p227_243_GradTTS,spoof
p228_130_GradTTS,spoof
p228_155_GradTTS,spoof
p227_045_GradTTS,spoof
p228_111_GradTTS,spoof
p228_036_GradTTS,spoof
p227_014_GradTTS,spoof
p228_292_GradTTS,spoof
p227_016_GradTTS,spoof
p227_034_GradTTS,spoof
p228_026_GradTTS,spoof
p227_264_GradTTS,spoof
p228_174_GradTTS,spoof
p228_143_GradTTS,spoof
p228_219_matcha,spoof
p228_282_matcha,spoof
p228_262_matcha,spoof
p227_009_matcha,spoof
p227_213_matcha,spoof
p228_129_matcha,spoof
p227_233_matcha,spoof
p227_082_matcha,spoof
p228_296_matcha,spoof
p227_127_matcha,spoof
p228_248_matcha,spoof
p227_109_matcha,spoof
p228_283_matcha,spoof
p227_259_matcha,spoof
p227_296_matcha,spoof
p228_016_matcha,spoof
p228_063_matcha,spoof
p227_132_matcha,spoof
p227_089_matcha,spoof
p227_057_matcha,spoof
p227_283_matcha,spoof
p228_181_matcha,spoof
p227_187_matcha,spoof
p228_017_matcha,spoof
p227_180_matcha,spoof
p227_067_matcha,spoof
p227_286_matcha,spoof
p228_114_matcha,spoof
p227_177_matcha,spoof
p227_104_matcha,spoof
p227_290_matcha,spoof
p227_018_matcha,spoof
p228_144_matcha,spoof
p227_151_matcha,spoof
p227_123_matcha,spoof
p228_064_matcha,spoof
p227_087_matcha,spoof
p228_135_matcha,spoof
p227_027_matcha,spoof
p227_086_matcha,spoof
p227_017_matcha,spoof
p228_040_matcha,spoof
p227_289_matcha,spoof
p228_178_matcha,spoof
p228_172_matcha,spoof
p227_206_matcha,spoof
p227_015_matcha,spoof
p227_285_matcha,spoof
p227_275_matcha,spoof
p228_021_matcha,spoof
p228_065_matcha,spoof
p228_295_matcha,spoof
p227_228_matcha,spoof
p227_149_matcha,spoof
p227_108_matcha,spoof
p228_159_matcha,spoof
p228_221_matcha,spoof
p227_220_matcha,spoof
p227_114_matcha,spoof
p228_250_matcha,spoof
p228_088_matcha,spoof
p228_166_matcha,spoof
p228_104_matcha,spoof
p227_292_matcha,spoof
p227_189_matcha,spoof
p228_066_matcha,spoof
p228_184_matcha,spoof
p228_243_matcha,spoof
p228_136_matcha,spoof
p228_193_matcha,spoof
p227_063_matcha,spoof
p228_187_matcha,spoof
p228_035_matcha,spoof
p228_217_matcha,spoof
p228_026_matcha,spoof
p227_144_matcha,spoof
p228_212_matcha,spoof
p227_238_matcha,spoof
p228_113_matcha,spoof
p227_210_matcha,spoof
p228_268_matcha,spoof
p227_019_matcha,spoof
p227_282_matcha,spoof
p227_224_matcha,spoof
p227_299_matcha,spoof
p228_062_matcha,spoof
p227_023_matcha,spoof
p228_109_matcha,spoof
p228_076_matcha,spoof
p227_188_matcha,spoof
p228_106_matcha,spoof
p228_165_matcha,spoof
p227_160_matcha,spoof
p227_171_matcha,spoof
p228_010_matcha,spoof
p227_053_matcha,spoof
p228_182_matcha,spoof
p228_199_matcha,spoof
p228_214_matcha,spoof
p228_177_matcha,spoof
p228_162_matcha,spoof
p228_102_matcha,spoof
p227_022_matcha,spoof
p228_030_matcha,spoof
p227_278_matcha,spoof
p228_163_matcha,spoof
p228_070_matcha,spoof
p228_058_matcha,spoof
p228_226_matcha,spoof
p228_053_matcha,spoof
p228_299_matcha,spoof
p228_146_matcha,spoof
p228_237_matcha,spoof
p228_292_matcha,spoof
p228_198_matcha,spoof
p227_271_matcha,spoof
p227_007_matcha,spoof
p228_231_matcha,spoof
p228_032_matcha,spoof
p227_136_matcha,spoof
p227_294_matcha,spoof
p227_038_matcha,spoof
p227_230_matcha,spoof
p228_278_matcha,spoof
p228_259_matcha,spoof
p228_118_matcha,spoof
p227_212_matcha,spoof
p228_042_matcha,spoof
p228_122_matcha,spoof
p227_100_matcha,spoof
p227_200_matcha,spoof
p228_054_matcha,spoof
p227_012_matcha,spoof
p227_261_matcha,spoof
p227_280_matcha,spoof
p227_158_matcha,spoof
p228_103_matcha,spoof
p228_153_matcha,spoof
p227_025_matcha,spoof
p227_105_matcha,spoof
p228_185_matcha,spoof
p227_076_matcha,spoof
p227_107_matcha,spoof
p227_103_matcha,spoof
p228_179_matcha,spoof
p227_258_matcha,spoof
p227_068_matcha,spoof
p227_020_matcha,spoof
p227_226_matcha,spoof
p227_237_matcha,spoof
p227_006_matcha,spoof
p228_298_matcha,spoof
p227_204_matcha,spoof
p227_209_matcha,spoof
p227_242_matcha,spoof
p227_085_matcha,spoof
p227_246_matcha,spoof
p228_060_matcha,spoof
p227_159_matcha,spoof
p228_037_matcha,spoof
p228_246_matcha,spoof
p228_204_matcha,spoof
p227_102_matcha,spoof
p228_234_matcha,spoof
p228_294_matcha,spoof
p227_130_matcha,spoof
p227_236_matcha,spoof
p228_019_matcha,spoof
p227_250_matcha,spoof
p227_152_matcha,spoof
p227_044_matcha,spoof
p228_169_matcha,spoof
p227_078_matcha,spoof
p228_251_matcha,spoof
p227_120_matcha,spoof
p228_094_matcha,spoof
p228_091_matcha,spoof
p228_137_matcha,spoof
p227_118_matcha,spoof
p228_267_matcha,spoof
p228_067_matcha,spoof
p227_032_matcha,spoof
p227_004_matcha,spoof
p228_211_matcha,spoof
p227_163_matcha,spoof
p228_080_matcha,spoof
p228_265_matcha,spoof
p228_170_matcha,spoof
p228_014_matcha,spoof
p227_066_matcha,spoof
p227_126_matcha,spoof
p228_083_matcha,spoof
p227_229_matcha,spoof
p228_192_matcha,spoof
p228_223_matcha,spoof
p227_133_matcha,spoof
p228_111_matcha,spoof
p228_152_matcha,spoof
p227_234_matcha,spoof
p227_219_matcha,spoof
p227_162_matcha,spoof
p227_002_matcha,spoof
p228_205_matcha,spoof
p228_079_matcha,spoof
p227_232_matcha,spoof
p227_241_matcha,spoof
p228_224_matcha,spoof
p228_084_matcha,spoof
p228_126_matcha,spoof
p227_036_matcha,spoof
p227_116_matcha,spoof
p227_113_matcha,spoof
p227_274_matcha,spoof
p228_157_matcha,spoof
p228_275_matcha,spoof
p228_270_matcha,spoof
p227_101_matcha,spoof
p228_023_matcha,spoof
p228_011_matcha,spoof
p227_099_matcha,spoof
p227_033_matcha,spoof
p228_174_matcha,spoof
p228_269_matcha,spoof
p227_092_matcha,spoof
p228_220_matcha,spoof
p227_028_matcha,spoof
p228_133_matcha,spoof
p227_106_matcha,spoof
p227_040_matcha,spoof
p227_266_matcha,spoof
p227_088_matcha,spoof
p228_051_matcha,spoof
p227_024_matcha,spoof
p228_012_matcha,spoof
p227_170_matcha,spoof
p228_154_matcha,spoof
p227_154_matcha,spoof
p228_143_matcha,spoof
p228_285_matcha,spoof
p227_279_matcha,spoof
p228_056_matcha,spoof
p228_244_matcha,spoof
p227_084_matcha,spoof
p228_287_matcha,spoof
p227_239_matcha,spoof
p228_190_matcha,spoof
p228_210_matcha,spoof
p227_202_matcha,spoof
p228_034_matcha,spoof
p227_008_matcha,spoof
p228_149_matcha,spoof
p227_256_matcha,spoof
p227_287_matcha,spoof
p227_247_matcha,spoof
p228_049_matcha,spoof
p228_249_matcha,spoof
p227_029_matcha,spoof
p228_089_matcha,spoof
p228_289_matcha,spoof
p227_156_matcha,spoof
p228_074_matcha,spoof
p228_045_matcha,spoof
p228_173_matcha,spoof
p227_300_matcha,spoof
p227_182_matcha,spoof
p228_033_matcha,spoof
p228_140_matcha,spoof
p228_208_matcha,spoof
p227_176_matcha,spoof
p227_221_matcha,spoof
p227_016_matcha,spoof
p227_013_matcha,spoof
p227_143_matcha,spoof
p228_047_matcha,spoof
p227_062_matcha,spoof
p227_135_matcha,spoof
p227_273_matcha,spoof
p227_112_matcha,spoof
p228_036_matcha,spoof
p227_056_matcha,spoof
p228_280_matcha,spoof
p228_131_matcha,spoof
p228_279_matcha,spoof
p228_230_matcha,spoof
p228_071_matcha,spoof
p227_129_matcha,spoof
p228_025_matcha,spoof
p227_139_matcha,spoof
p228_203_matcha,spoof
p227_111_matcha,spoof
p227_216_matcha,spoof
p227_249_matcha,spoof
p227_215_matcha,spoof
p228_107_matcha,spoof
p228_164_matcha,spoof
p228_013_matcha,spoof
p227_134_matcha,spoof
p228_112_matcha,spoof
p227_168_matcha,spoof
p227_115_matcha,spoof
p227_124_matcha,spoof
p227_225_matcha,spoof
p228_148_matcha,spoof
p228_207_matcha,spoof
p228_061_matcha,spoof
p228_002_matcha,spoof
p228_022_matcha,spoof
p227_110_matcha,spoof
p227_065_matcha,spoof
p228_092_matcha,spoof
p227_192_matcha,spoof
p228_029_matcha,spoof
p227_191_matcha,spoof
p227_244_matcha,spoof
p228_098_matcha,spoof
p228_160_matcha,spoof
p228_241_matcha,spoof
p227_041_matcha,spoof
p227_257_matcha,spoof
p227_037_matcha,spoof
p228_128_matcha,spoof
p228_232_matcha,spoof
p227_186_matcha,spoof
p227_094_matcha,spoof
p227_083_matcha,spoof
p228_271_matcha,spoof
p228_044_matcha,spoof
p228_264_matcha,spoof
p227_071_matcha,spoof
p227_052_matcha,spoof
p227_252_matcha,spoof
p227_291_matcha,spoof
p227_222_matcha,spoof
p227_265_matcha,spoof
p227_231_matcha,spoof
p228_216_matcha,spoof
p228_039_matcha,spoof
p228_291_matcha,spoof
p227_128_matcha,spoof
p227_131_matcha,spoof
p227_030_matcha,spoof
p227_193_matcha,spoof
p227_165_matcha,spoof
p228_276_matcha,spoof
p228_197_matcha,spoof
p228_254_matcha,spoof
p228_288_matcha,spoof
p228_046_matcha,spoof
p228_090_matcha,spoof
p228_242_matcha,spoof
p227_010_matcha,spoof
p227_197_matcha,spoof
p228_095_matcha,spoof
p228_085_matcha,spoof
p228_161_matcha,spoof
p228_125_matcha,spoof
p228_194_matcha,spoof
p227_164_matcha,spoof
p227_298_matcha,spoof
p228_006_matcha,spoof
p228_274_matcha,spoof
p227_243_matcha,spoof
p228_001_matcha,spoof
p228_121_matcha,spoof
p227_091_matcha,spoof
p228_273_matcha,spoof
p227_295_matcha,spoof
p228_028_matcha,spoof
p228_008_matcha,spoof
p228_101_matcha,spoof
p227_005_matcha,spoof
p227_281_matcha,spoof
p227_035_matcha,spoof
p228_057_matcha,spoof
p228_201_matcha,spoof
p228_050_matcha,spoof
p227_141_matcha,spoof
p228_145_matcha,spoof
p228_097_matcha,spoof
p228_096_matcha,spoof
p227_021_matcha,spoof
p228_277_matcha,spoof
p227_240_matcha,spoof
p227_293_matcha,spoof
p227_198_matcha,spoof
p227_090_matcha,spoof
p228_031_matcha,spoof
p227_183_matcha,spoof
p228_257_matcha,spoof
p228_171_matcha,spoof
p227_203_matcha,spoof
p227_011_matcha,spoof
p227_205_matcha,spoof
p227_178_matcha,spoof
p228_110_matcha,spoof
p227_138_matcha,spoof
p228_222_matcha,spoof
p227_288_matcha,spoof
p228_075_matcha,spoof
p228_004_matcha,spoof
p227_045_matcha,spoof
p228_175_matcha,spoof
p227_047_matcha,spoof
p227_001_matcha,spoof
p227_267_matcha,spoof
p228_151_matcha,spoof
p228_196_matcha,spoof
p227_166_matcha,spoof
p228_117_matcha,spoof
p228_247_matcha,spoof
p228_038_matcha,spoof
p228_168_matcha,spoof
p228_141_matcha,spoof
p227_150_matcha,spoof
p227_217_matcha,spoof
p228_005_matcha,spoof
p227_268_matcha,spoof
p227_137_matcha,spoof
p227_059_matcha,spoof
p227_072_matcha,spoof
p227_218_matcha,spoof
p227_055_matcha,spoof
p227_172_matcha,spoof
p227_075_matcha,spoof
p228_093_matcha,spoof
p227_248_matcha,spoof
p227_014_matcha,spoof
p228_003_matcha,spoof
p228_027_matcha,spoof
p227_284_matcha,spoof
p228_215_matcha,spoof
p228_127_matcha,spoof
p227_117_matcha,spoof
p227_146_matcha,spoof
p227_190_matcha,spoof
p227_260_matcha,spoof
p228_150_matcha,spoof
p228_077_matcha,spoof
p228_218_matcha,spoof
p227_297_matcha,spoof
p228_228_matcha,spoof
p227_070_matcha,spoof
p228_183_matcha,spoof
p227_157_matcha,spoof
p227_073_matcha,spoof
p228_281_matcha,spoof
p227_142_matcha,spoof
p228_260_matcha,spoof
p228_180_matcha,spoof
p227_184_matcha,spoof
p227_179_matcha,spoof
p227_155_matcha,spoof
p227_058_matcha,spoof
p228_068_matcha,spoof
p227_145_matcha,spoof
p227_026_matcha,spoof
p227_181_matcha,spoof
p228_069_matcha,spoof
p228_138_matcha,spoof
p227_050_matcha,spoof
p227_148_matcha,spoof
p227_095_matcha,spoof
p228_297_matcha,spoof
p228_086_matcha,spoof
p227_122_matcha,spoof
p227_270_matcha,spoof
p227_263_matcha,spoof
p228_119_matcha,spoof
p227_208_matcha,spoof
p227_074_matcha,spoof
p227_262_matcha,spoof
p227_098_matcha,spoof
p227_121_matcha,spoof
p227_255_matcha,spoof
p227_049_matcha,spoof
p227_201_matcha,spoof
p228_015_matcha,spoof
p228_123_matcha,spoof
p228_020_matcha,spoof
p228_213_matcha,spoof
p228_007_matcha,spoof
p227_169_matcha,spoof
p228_286_matcha,spoof
p227_125_matcha,spoof
p228_147_matcha,spoof
p227_264_matcha,spoof
p228_120_matcha,spoof
p228_099_matcha,spoof
p228_124_matcha,spoof
p228_132_matcha,spoof
p227_081_matcha,spoof
p228_082_matcha,spoof
p228_238_matcha,spoof
p227_051_matcha,spoof
p228_239_matcha,spoof
p227_060_matcha,spoof
p227_031_matcha,spoof
p227_119_matcha,spoof
p228_108_matcha,spoof
p228_115_matcha,spoof
p227_043_matcha,spoof
p228_300_matcha,spoof
p228_209_matcha,spoof
p228_105_matcha,spoof
p227_277_matcha,spoof
p227_173_matcha,spoof
p228_072_matcha,spoof
p228_041_matcha,spoof
p227_140_matcha,spoof
p228_191_matcha,spoof
p227_034_matcha,spoof
p228_266_matcha,spoof
p227_195_matcha,spoof
p228_235_matcha,spoof
p227_097_matcha,spoof
p227_161_matcha,spoof
p228_261_matcha,spoof
p228_155_matcha,spoof
p227_167_matcha,spoof
p228_043_matcha,spoof
p228_206_matcha,spoof
p228_240_matcha,spoof
p228_100_matcha,spoof
p228_156_matcha,spoof
p228_293_matcha,spoof
p228_059_matcha,spoof
p227_227_matcha,spoof
p228_290_matcha,spoof
p228_018_matcha,spoof
p228_081_matcha,spoof
p228_256_matcha,spoof
p228_245_matcha,spoof
p227_276_matcha,spoof
p227_080_matcha,spoof
p227_174_matcha,spoof
p228_142_matcha,spoof
p227_079_matcha,spoof
p228_202_matcha,spoof
p227_194_matcha,spoof
p228_225_matcha,spoof
p228_078_matcha,spoof
p228_188_matcha,spoof
p228_255_matcha,spoof
p228_253_matcha,spoof
p228_272_matcha,spoof
p227_064_matcha,spoof
p227_061_matcha,spoof
p227_272_matcha,spoof
p227_093_matcha,spoof
p227_207_matcha,spoof
p227_175_matcha,spoof
p227_069_matcha,spoof
p228_087_matcha,spoof
p227_003_matcha,spoof
p228_233_matcha,spoof
p227_269_matcha,spoof
p227_077_matcha,spoof
p227_048_matcha,spoof
p227_211_matcha,spoof
p227_039_matcha,spoof
p228_116_matcha,spoof
p227_153_matcha,spoof
p228_200_matcha,spoof
p228_130_matcha,spoof
p228_009_matcha,spoof
p227_054_matcha,spoof
p227_245_matcha,spoof
p227_147_matcha,spoof
p228_139_matcha,spoof
p228_229_matcha,spoof
p227_253_matcha,spoof
p227_096_matcha,spoof
p227_223_matcha,spoof
p227_199_matcha,spoof
p227_046_matcha,spoof
p228_227_matcha,spoof
p228_252_matcha,spoof
p227_185_matcha,spoof
p228_176_matcha,spoof
p227_042_matcha,spoof
p228_167_matcha,spoof
p228_052_matcha,spoof
p227_214_matcha,spoof
p227_196_matcha,spoof
p228_236_matcha,spoof
p228_055_matcha,spoof
p228_189_matcha,spoof
p228_073_matcha,spoof
p228_284_matcha,spoof
p228_048_matcha,spoof
p228_263_matcha,spoof
p228_195_matcha,spoof
p228_186_matcha,spoof
p228_258_matcha,spoof
p227_251_matcha,spoof
p227_235_matcha,spoof
p227_254_matcha,spoof
p228_134_matcha,spoof
p228_158_matcha,spoof
p228_024_matcha,spoof
p228_364,bonafide
p228_254,bonafide
p227_368,bonafide
p228_078,bonafide
p227_373,bonafide
p228_198,bonafide
p228_260,bonafide
p227_298,bonafide
p227_048,bonafide
p228_301,bonafide
p227_385,bonafide
p227_152,bonafide
p227_274,bonafide
p227_247,bonafide
p227_342,bonafide
p228_234,bonafide
p228_131,bonafide
p227_125,bonafide
p227_315,bonafide
p227_066,bonafide
p227_399,bonafide
p228_142,bonafide
p227_348,bonafide
p227_041,bonafide
p227_264,bonafide
p228_191,bonafide
p228_095,bonafide
p228_089,bonafide
p227_081,bonafide
p228_068,bonafide
p228_008,bonafide
p228_251,bonafide
p228_029,bonafide
p228_007,bonafide
p227_386,bonafide
p228_275,bonafide
p227_263,bonafide
p227_295,bonafide
p228_014,bonafide
p227_310,bonafide
p228_266,bonafide
p227_100,bonafide
p228_034,bonafide
p227_047,bonafide
p227_014,bonafide
p228_113,bonafide
p228_073,bonafide
p228_050,bonafide
p228_175,bonafide
p227_189,bonafide
p228_305,bonafide
p228_324,bonafide
p227_192,bonafide
p228_332,bonafide
p227_085,bonafide
p227_089,bonafide
p227_060,bonafide
p228_331,bonafide
p228_302,bonafide
p228_210,bonafide
p228_278,bonafide
p227_001,bonafide
p228_015,bonafide
p227_076,bonafide
p228_366,bonafide
p227_028,bonafide
p227_027,bonafide
p227_395,bonafide
p228_075,bonafide
p228_335,bonafide
p228_161,bonafide
p228_012,bonafide
p227_271,bonafide
p227_384,bonafide
p228_274,bonafide
p228_013,bonafide
p228_064,bonafide
p227_233,bonafide
p228_220,bonafide
p227_287,bonafide
p227_208,bonafide
p228_044,bonafide
p228_308,bonafide
p228_235,bonafide
p227_320,bonafide
p228_283,bonafide
p227_166,bonafide
p228_284,bonafide
p228_020,bonafide
p228_172,bonafide
p227_218,bonafide
p227_260,bonafide
p227_390,bonafide
p228_154,bonafide
p228_334,bonafide
p228_022,bonafide
p227_129,bonafide
p228_355,bonafide
p227_323,bonafide
p228_212,bonafide
p228_082,bonafide
p228_257,bonafide
p228_247,bonafide
p228_166,bonafide
p227_377,bonafide
p227_213,bonafide
p228_231,bonafide
p228_225,bonafide
p228_345,bonafide
p228_304,bonafide
p227_378,bonafide
p228_337,bonafide
p227_321,bonafide
p228_046,bonafide
p228_178,bonafide
p228_160,bonafide
p227_088,bonafide
p227_186,bonafide
p228_184,bonafide
p228_271,bonafide
p227_032,bonafide
p227_099,bonafide
p228_277,bonafide
p227_104,bonafide
p227_349,bonafide
p227_301,bonafide
p228_148,bonafide
p228_248,bonafide
p227_173,bonafide
p228_236,bonafide
p227_043,bonafide
p227_077,bonafide
p227_134,bonafide
p228_183,bonafide
p227_135,bonafide
p227_016,bonafide
p228_230,bonafide
p227_402,bonafide
p227_025,bonafide
p228_036,bonafide
p228_354,bonafide
p228_189,bonafide
p227_258,bonafide
p227_393,bonafide
p227_366,bonafide
p227_299,bonafide
p228_122,bonafide
p227_098,bonafide
p227_351,bonafide
p228_174,bonafide
p228_069,bonafide
p228_229,bonafide
p228_272,bonafide
p228_263,bonafide
p227_250,bonafide
p227_246,bonafide
p227_057,bonafide
p227_072,bonafide
p227_090,bonafide
p228_349,bonafide
p228_138,bonafide
p227_217,bonafide
p228_221,bonafide
p228_196,bonafide
p228_351,bonafide
p227_023,bonafide
p228_083,bonafide
p228_237,bonafide
p228_105,bonafide
p228_239,bonafide
p227_124,bonafide
p227_059,bonafide
p228_348,bonafide
p227_392,bonafide
p228_084,bonafide
p228_153,bonafide
p227_253,bonafide
p227_261,bonafide
p227_195,bonafide
p227_329,bonafide
p228_356,bonafide
p227_093,bonafide
p227_158,bonafide
p228_051,bonafide
p228_019,bonafide
p228_163,bonafide
p228_180,bonafide
p227_149,bonafide
p227_036,bonafide
p227_161,bonafide
p227_197,bonafide
p228_052,bonafide
p228_033,bonafide
p227_270,bonafide
p227_145,bonafide
p227_269,bonafide
p227_177,bonafide
p228_162,bonafide
p227_228,bonafide
p228_194,bonafide
p227_240,bonafide
p227_011,bonafide
p227_008,bonafide
p228_040,bonafide
p227_219,bonafide
p228_310,bonafide
p227_174,bonafide
p227_080,bonafide
p228_126,bonafide
p227_034,bonafide
p227_296,bonafide
p227_398,bonafide
p228_087,bonafide
p227_084,bonafide
p227_318,bonafide
p227_065,bonafide
p228_311,bonafide
p227_083,bonafide
p228_155,bonafide
p228_288,bonafide
p227_278,bonafide
p227_179,bonafide
p227_370,bonafide
p228_336,bonafide
p227_243,bonafide
p227_096,bonafide
p227_350,bonafide
p228_028,bonafide
p228_047,bonafide
p228_262,bonafide
p228_032,bonafide
p227_364,bonafide
p227_266,bonafide
p227_141,bonafide
p228_370,bonafide
p228_045,bonafide
p228_132,bonafide
p227_297,bonafide
p227_355,bonafide
p227_154,bonafide
p227_024,bonafide
p227_280,bonafide
p228_209,bonafide
p227_333,bonafide
p228_074,bonafide
p227_058,bonafide
p227_293,bonafide
p228_009,bonafide
p227_071,bonafide
p227_245,bonafide
p228_185,bonafide
p228_010,bonafide
p227_220,bonafide
p227_248,bonafide
p228_326,bonafide
p227_062,bonafide
p227_122,bonafide
p227_147,bonafide
p227_344,bonafide
p228_072,bonafide
p228_063,bonafide
p228_167,bonafide
p228_171,bonafide
p228_079,bonafide
p228_253,bonafide
p227_309,bonafide
p227_359,bonafide
p228_312,bonafide
p228_098,bonafide
p227_167,bonafide
p228_347,bonafide
p227_012,bonafide
p227_341,bonafide
p228_197,bonafide
p228_099,bonafide
p228_004,bonafide
p227_002,bonafide
p228_369,bonafide
p228_085,bonafide
p228_203,bonafide
p228_188,bonafide
p227_155,bonafide
p227_168,bonafide
p227_372,bonafide
p227_267,bonafide
p227_396,bonafide
p227_010,bonafide
p228_003,bonafide
p227_326,bonafide
p228_360,bonafide
p228_149,bonafide
p227_180,bonafide
p228_359,bonafide
p228_108,bonafide
p228_317,bonafide
p227_056,bonafide
p228_255,bonafide
p228_107,bonafide
p227_209,bonafide
p227_290,bonafide
p227_101,bonafide
p227_044,bonafide
p227_316,bonafide
p228_330,bonafide
p227_216,bonafide
p227_204,bonafide
p228_363,bonafide
p227_127,bonafide
p228_170,bonafide
p227_013,bonafide
p227_079,bonafide
p227_289,bonafide
p228_060,bonafide
p227_277,bonafide
p227_171,bonafide
p228_292,bonafide
p228_258,bonafide
p228_340,bonafide
p228_097,bonafide
p228_329,bonafide
p227_181,bonafide
p227_382,bonafide
p228_164,bonafide
p228_049,bonafide
p228_244,bonafide
p227_068,bonafide
p228_133,bonafide
p227_018,bonafide
p228_202,bonafide
p228_181,bonafide
p228_090,bonafide
p227_159,bonafide
p227_094,bonafide
p228_293,bonafide
p228_285,bonafide
p227_026,bonafide
p227_365,bonafide
p228_298,bonafide
p228_086,bonafide
p227_353,bonafide
p228_173,bonafide
p227_231,bonafide
p228_035,bonafide
p227_035,bonafide
p227_332,bonafide
p227_082,bonafide
p227_242,bonafide
p228_139,bonafide
p228_145,bonafide
p227_136,bonafide
p228_057,bonafide
p228_121,bonafide
p228_200,bonafide
p228_323,bonafide
p228_276,bonafide
p228_169,bonafide
p227_319,bonafide
p227_042,bonafide
p228_297,bonafide
p228_102,bonafide
p227_238,bonafide
p227_306,bonafide
p227_061,bonafide
p227_259,bonafide
p227_150,bonafide
p227_039,bonafide
p228_339,bonafide
p227_383,bonafide
p227_029,bonafide
p228_066,bonafide
p227_091,bonafide
p228_093,bonafide
p228_344,bonafide
p227_015,bonafide
p228_182,bonafide
p228_238,bonafide
p228_226,bonafide
p227_102,bonafide
p227_401,bonafide
p228_129,bonafide
p227_106,bonafide
p228_118,bonafide
p228_127,bonafide
p228_065,bonafide
p228_280,bonafide
p228_218,bonafide
p228_267,bonafide
p228_357,bonafide
p227_020,bonafide
p227_030,bonafide
p228_018,bonafide
p227_222,bonafide
p228_227,bonafide
p227_317,bonafide
p227_211,bonafide
p228_002,bonafide
p228_327,bonafide
p228_110,bonafide
p228_303,bonafide
p228_338,bonafide
p227_288,bonafide
p227_193,bonafide
p228_281,bonafide
p228_214,bonafide
p227_212,bonafide
p228_346,bonafide
p228_233,bonafide
p228_361,bonafide
p228_362,bonafide
p228_204,bonafide
p227_294,bonafide
p228_294,bonafide
p228_061,bonafide
p227_169,bonafide
p227_121,bonafide
p228_039,bonafide
p227_276,bonafide
p228_125,bonafide
p228_025,bonafide
p227_184,bonafide
p228_176,bonafide
p228_243,bonafide
p227_236,bonafide
p228_341,bonafide
p228_038,bonafide
p227_345,bonafide
p228_190,bonafide
p228_059,bonafide
p228_048,bonafide
p227_114,bonafide
p227_343,bonafide
p228_112,bonafide
p227_160,bonafide
p228_111,bonafide
p227_033,bonafide
p228_137,bonafide
p227_363,bonafide
p228_343,bonafide
p227_371,bonafide
p227_073,bonafide
p227_340,bonafide
p228_291,bonafide
p228_193,bonafide
p227_199,bonafide
p228_091,bonafide
p227_322,bonafide
p227_005,bonafide
p228_143,bonafide
p227_163,bonafide
p227_265,bonafide
p227_045,bonafide
p227_038,bonafide
p227_223,bonafide
p227_330,bonafide
p227_053,bonafide
p228_289,bonafide
p228_333,bonafide
p228_318,bonafide
p227_279,bonafide
p227_006,bonafide
p227_369,bonafide
p228_195,bonafide
p227_162,bonafide
p228_120,bonafide
p227_201,bonafide
p228_094,bonafide
p227_283,bonafide
p228_096,bonafide
p227_275,bonafide
p227_196,bonafide
p227_285,bonafide
p228_207,bonafide
p228_026,bonafide
p227_284,bonafide
p227_232,bonafide
p227_327,bonafide
p227_257,bonafide
p227_241,bonafide
p228_041,bonafide
p227_206,bonafide
p228_053,bonafide
p227_227,bonafide
p227_153,bonafide
p227_140,bonafide
p227_237,bonafide
p228_134,bonafide
p227_151,bonafide
p227_108,bonafide
p228_259,bonafide
p227_229,bonafide
p227_376,bonafide
p227_357,bonafide
p228_043,bonafide
p228_309,bonafide
p228_076,bonafide
p227_388,bonafide
p227_070,bonafide
p227_314,bonafide
p227_308,bonafide
p227_031,bonafide
p228_328,bonafide
p227_144,bonafide
p228_101,bonafide
p228_216,bonafide
p227_347,bonafide
p228_261,bonafide
p228_070,bonafide
p227_305,bonafide
p227_004,bonafide
p227_361,bonafide
p227_170,bonafide
p228_342,bonafide
p228_313,bonafide
p228_287,bonafide
p227_156,bonafide
p227_313,bonafide
p227_328,bonafide
p227_126,bonafide
p228_058,bonafide
p227_256,bonafide
p227_040,bonafide
p227_019,bonafide
p228_055,bonafide
p228_104,bonafide
p228_177,bonafide
p227_273,bonafide
p228_021,bonafide
p228_115,bonafide
p227_055,bonafide
p228_250,bonafide
p228_300,bonafide
p227_304,bonafide
p227_389,bonafide
p228_081,bonafide
p227_123,bonafide
p227_051,bonafide
p227_148,bonafide
p227_176,bonafide
p227_380,bonafide
p227_226,bonafide
p227_311,bonafide
p227_037,bonafide
p227_130,bonafide
p227_116,bonafide
p227_300,bonafide
p227_069,bonafide
p228_168,bonafide
p227_334,bonafide
p227_017,bonafide
p228_144,bonafide
p227_203,bonafide
p227_210,bonafide
p228_114,bonafide
p228_186,bonafide
p228_353,bonafide
p228_146,bonafide
p227_249,bonafide
p227_281,bonafide
p228_147,bonafide
p228_187,bonafide
p227_191,bonafide
p227_078,bonafide
p228_150,bonafide
p227_075,bonafide
p228_006,bonafide
p228_279,bonafide
p228_027,bonafide
p228_245,bonafide
p227_360,bonafide
p228_295,bonafide
p228_067,bonafide
p228_016,bonafide
p227_335,bonafide
p227_086,bonafide
p227_207,bonafide
p228_124,bonafide
p228_371,bonafide
p228_306,bonafide
p228_109,bonafide
p228_321,bonafide
p228_232,bonafide
p227_324,bonafide
p227_164,bonafide
p227_128,bonafide
p227_087,bonafide
p227_113,bonafide
p228_156,bonafide
p228_135,bonafide
p228_159,bonafide
p227_291,bonafide
p228_103,bonafide
p227_111,bonafide
p227_074,bonafide
p227_251,bonafide
p228_157,bonafide
p227_307,bonafide
p227_050,bonafide
p228_249,bonafide
p228_117,bonafide
p227_205,bonafide
p227_379,bonafide
p227_339,bonafide
p228_270,bonafide
p228_219,bonafide
p227_143,bonafide
p227_239,bonafide
p227_046,bonafide
p228_088,bonafide
p227_063,bonafide
p227_022,bonafide
p228_350,bonafide
p228_315,bonafide
p228_024,bonafide
p228_264,bonafide
p227_215,bonafide
p228_037,bonafide
p228_213,bonafide
p228_151,bonafide
p228_011,bonafide
p228_286,bonafide
p227_292,bonafide
p228_320,bonafide
p227_187,bonafide
p228_256,bonafide
p227_146,bonafide
p227_302,bonafide
p228_100,bonafide
p227_336,bonafide
p228_296,bonafide
p228_152,bonafide
p227_354,bonafide
p228_141,bonafide
p228_054,bonafide
p228_319,bonafide
p228_001,bonafide
p227_337,bonafide
p228_215,bonafide
p227_367,bonafide
p227_312,bonafide
p228_106,bonafide
p227_064,bonafide
p228_246,bonafide
p228_365,bonafide
p227_178,bonafide
p227_139,bonafide
p228_299,bonafide
p227_092,bonafide
p227_387,bonafide
p227_374,bonafide
p228_179,bonafide
p227_394,bonafide
p227_054,bonafide
p228_056,bonafide
p227_137,bonafide
p228_222,bonafide
p228_077,bonafide
p227_214,bonafide
p227_331,bonafide
p227_198,bonafide
p227_157,bonafide
p228_307,bonafide
p227_110,bonafide
p227_132,bonafide
p227_255,bonafide
p227_095,bonafide
p228_358,bonafide
p228_367,bonafide
p227_262,bonafide
p228_071,bonafide
p228_240,bonafide
p228_252,bonafide
p227_190,bonafide
p227_230,bonafide
p228_290,bonafide
p228_325,bonafide
p227_049,bonafide
p227_112,bonafide
p227_254,bonafide
p227_391,bonafide
p227_303,bonafide
p228_123,bonafide
p228_206,bonafide
p227_188,bonafide
p228_211,bonafide
p227_194,bonafide
p227_118,bonafide
p227_252,bonafide
p227_067,bonafide
p227_356,bonafide
p228_268,bonafide
p227_109,bonafide
p228_241,bonafide
p227_172,bonafide
p227_003,bonafide
p227_097,bonafide
p227_352,bonafide
p228_368,bonafide
p227_131,bonafide
p228_042,bonafide
p227_235,bonafide
p228_269,bonafide
p227_282,bonafide
p228_062,bonafide
p228_128,bonafide
p227_397,bonafide
p228_205,bonafide
p228_165,bonafide
p228_140,bonafide
p228_116,bonafide
p228_282,bonafide
p228_031,bonafide
p227_107,bonafide
p227_175,bonafide
p228_228,bonafide
p228_352,bonafide
p228_265,bonafide
p228_223,bonafide
p227_021,bonafide
p227_117,bonafide
p227_338,bonafide
p227_120,bonafide
p228_192,bonafide
p228_322,bonafide
p227_138,bonafide
p228_158,bonafide
p228_242,bonafide
p228_130,bonafide
p227_268,bonafide
p227_142,bonafide
p227_400,bonafide
p227_375,bonafide
p227_105,bonafide
p227_119,bonafide
p227_183,bonafide
p228_030,bonafide
p228_119,bonafide
p227_165,bonafide
p228_224,bonafide
p228_208,bonafide
p228_023,bonafide
p227_052,bonafide
p227_009,bonafide
p228_005,bonafide
p228_316,bonafide
p227_244,bonafide
p227_358,bonafide
p228_136,bonafide
p228_217,bonafide
p227_286,bonafide
p227_133,bonafide
p227_272,bonafide
p228_092,bonafide
p227_103,bonafide
p228_199,bonafide
p227_200,bonafide
p228_147_NaturalSpeech2,spoof
p228_189_NaturalSpeech2,spoof
p227_243_NaturalSpeech2,spoof
p228_143_NaturalSpeech2,spoof
p228_016_NaturalSpeech2,spoof
p227_170_NaturalSpeech2,spoof
p227_179_NaturalSpeech2,spoof
p228_071_NaturalSpeech2,spoof
p228_015_NaturalSpeech2,spoof
p227_297_NaturalSpeech2,spoof
p228_204_NaturalSpeech2,spoof
p227_252_NaturalSpeech2,spoof
p227_220_NaturalSpeech2,spoof
p227_144_NaturalSpeech2,spoof
p228_060_NaturalSpeech2,spoof
p228_107_NaturalSpeech2,spoof
p228_206_NaturalSpeech2,spoof
p228_019_NaturalSpeech2,spoof
p228_073_NaturalSpeech2,spoof
p227_159_NaturalSpeech2,spoof
p227_182_NaturalSpeech2,spoof
p228_119_NaturalSpeech2,spoof
p227_048_NaturalSpeech2,spoof
p227_119_NaturalSpeech2,spoof
p227_005_NaturalSpeech2,spoof
p227_006_NaturalSpeech2,spoof
p228_258_NaturalSpeech2,spoof
p227_238_NaturalSpeech2,spoof
p228_169_NaturalSpeech2,spoof
p228_245_NaturalSpeech2,spoof
p227_023_NaturalSpeech2,spoof
p228_129_NaturalSpeech2,spoof
p228_044_NaturalSpeech2,spoof
p227_135_NaturalSpeech2,spoof
p227_148_NaturalSpeech2,spoof
p228_166_NaturalSpeech2,spoof
p227_125_NaturalSpeech2,spoof
p228_040_NaturalSpeech2,spoof
p227_234_NaturalSpeech2,spoof
p228_177_NaturalSpeech2,spoof
p228_145_NaturalSpeech2,spoof
p228_248_NaturalSpeech2,spoof
p228_002_NaturalSpeech2,spoof
p227_103_NaturalSpeech2,spoof
p227_151_NaturalSpeech2,spoof
p228_200_NaturalSpeech2,spoof
p227_173_NaturalSpeech2,spoof
p227_296_NaturalSpeech2,spoof
p228_122_NaturalSpeech2,spoof
p227_251_NaturalSpeech2,spoof
p227_109_NaturalSpeech2,spoof
p228_174_NaturalSpeech2,spoof
p228_141_NaturalSpeech2,spoof
p228_061_NaturalSpeech2,spoof
p228_214_NaturalSpeech2,spoof
p227_270_NaturalSpeech2,spoof
p228_049_NaturalSpeech2,spoof
p227_292_NaturalSpeech2,spoof
p228_113_NaturalSpeech2,spoof
p228_041_NaturalSpeech2,spoof
p228_156_NaturalSpeech2,spoof
p227_092_NaturalSpeech2,spoof
p227_088_NaturalSpeech2,spoof
p228_104_NaturalSpeech2,spoof
p227_053_NaturalSpeech2,spoof
p227_189_NaturalSpeech2,spoof
p228_074_NaturalSpeech2,spoof
p228_230_NaturalSpeech2,spoof
p228_024_NaturalSpeech2,spoof
p228_006_NaturalSpeech2,spoof
p228_284_NaturalSpeech2,spoof
p227_185_NaturalSpeech2,spoof
p227_230_NaturalSpeech2,spoof
p228_289_NaturalSpeech2,spoof
p228_033_NaturalSpeech2,spoof
p228_193_NaturalSpeech2,spoof
p227_277_NaturalSpeech2,spoof
p228_054_NaturalSpeech2,spoof
p227_199_NaturalSpeech2,spoof
p227_226_NaturalSpeech2,spoof
p228_043_NaturalSpeech2,spoof
p227_034_NaturalSpeech2,spoof
p228_192_NaturalSpeech2,spoof
p228_260_NaturalSpeech2,spoof
p227_237_NaturalSpeech2,spoof
p227_209_NaturalSpeech2,spoof
p227_275_NaturalSpeech2,spoof
p227_035_NaturalSpeech2,spoof
p228_052_NaturalSpeech2,spoof
p227_264_NaturalSpeech2,spoof
p227_300_NaturalSpeech2,spoof
p227_293_NaturalSpeech2,spoof
p227_066_NaturalSpeech2,spoof
p227_255_NaturalSpeech2,spoof
p228_087_NaturalSpeech2,spoof
p228_121_NaturalSpeech2,spoof
p228_287_NaturalSpeech2,spoof
p228_013_NaturalSpeech2,spoof
p228_059_NaturalSpeech2,spoof
p227_216_NaturalSpeech2,spoof
p228_285_NaturalSpeech2,spoof
p228_262_NaturalSpeech2,spoof
p228_259_NaturalSpeech2,spoof
p227_019_NaturalSpeech2,spoof
p227_161_NaturalSpeech2,spoof
p228_137_NaturalSpeech2,spoof
p227_204_NaturalSpeech2,spoof
p228_205_NaturalSpeech2,spoof
p227_207_NaturalSpeech2,spoof
p227_117_NaturalSpeech2,spoof
p228_132_NaturalSpeech2,spoof
p227_225_NaturalSpeech2,spoof
p227_111_NaturalSpeech2,spoof
p227_137_NaturalSpeech2,spoof
p227_162_NaturalSpeech2,spoof
p228_109_NaturalSpeech2,spoof
p227_235_NaturalSpeech2,spoof
p228_150_NaturalSpeech2,spoof
p228_207_NaturalSpeech2,spoof
p227_158_NaturalSpeech2,spoof
p228_272_NaturalSpeech2,spoof
p227_228_NaturalSpeech2,spoof
p228_296_NaturalSpeech2,spoof
p228_298_NaturalSpeech2,spoof
p228_062_NaturalSpeech2,spoof
p228_058_NaturalSpeech2,spoof
p227_240_NaturalSpeech2,spoof
p227_263_NaturalSpeech2,spoof
p228_236_NaturalSpeech2,spoof
p228_099_NaturalSpeech2,spoof
p227_056_NaturalSpeech2,spoof
p228_126_NaturalSpeech2,spoof
p228_096_NaturalSpeech2,spoof
p228_276_NaturalSpeech2,spoof
p228_004_NaturalSpeech2,spoof
p228_094_NaturalSpeech2,spoof
p228_216_NaturalSpeech2,spoof
p228_188_NaturalSpeech2,spoof
p227_091_NaturalSpeech2,spoof
p228_183_NaturalSpeech2,spoof
p227_208_NaturalSpeech2,spoof
p228_234_NaturalSpeech2,spoof
p227_050_NaturalSpeech2,spoof
p227_184_NaturalSpeech2,spoof
p228_220_NaturalSpeech2,spoof
p227_112_NaturalSpeech2,spoof
p228_067_NaturalSpeech2,spoof
p228_190_NaturalSpeech2,spoof
p228_021_NaturalSpeech2,spoof
p228_035_NaturalSpeech2,spoof
p228_125_NaturalSpeech2,spoof
p228_045_NaturalSpeech2,spoof
p227_037_NaturalSpeech2,spoof
p228_202_NaturalSpeech2,spoof
p227_177_NaturalSpeech2,spoof
p228_083_NaturalSpeech2,spoof
p227_194_NaturalSpeech2,spoof
p227_127_NaturalSpeech2,spoof
p228_201_NaturalSpeech2,spoof
p227_018_NaturalSpeech2,spoof
p227_281_NaturalSpeech2,spoof
p227_082_NaturalSpeech2,spoof
p227_200_NaturalSpeech2,spoof
p227_070_NaturalSpeech2,spoof
p227_055_NaturalSpeech2,spoof
p228_231_NaturalSpeech2,spoof
p227_167_NaturalSpeech2,spoof
p227_247_NaturalSpeech2,spoof
p228_219_NaturalSpeech2,spoof
p228_179_NaturalSpeech2,spoof
p228_161_NaturalSpeech2,spoof
p228_227_NaturalSpeech2,spoof
p227_152_NaturalSpeech2,spoof
p228_255_NaturalSpeech2,spoof
p227_280_NaturalSpeech2,spoof
p228_076_NaturalSpeech2,spoof
p228_281_NaturalSpeech2,spoof
p228_221_NaturalSpeech2,spoof
p228_197_NaturalSpeech2,spoof
p228_105_NaturalSpeech2,spoof
p228_116_NaturalSpeech2,spoof
p228_110_NaturalSpeech2,spoof
p227_074_NaturalSpeech2,spoof
p228_153_NaturalSpeech2,spoof
p227_021_NaturalSpeech2,spoof
p227_009_NaturalSpeech2,spoof
p227_078_NaturalSpeech2,spoof
p227_166_NaturalSpeech2,spoof
p227_017_NaturalSpeech2,spoof
p228_095_NaturalSpeech2,spoof
p228_165_NaturalSpeech2,spoof
p228_266_NaturalSpeech2,spoof
p227_094_NaturalSpeech2,spoof
p227_069_NaturalSpeech2,spoof
p228_025_NaturalSpeech2,spoof
p228_032_NaturalSpeech2,spoof
p227_039_NaturalSpeech2,spoof
p228_295_NaturalSpeech2,spoof
p227_011_NaturalSpeech2,spoof
p228_160_NaturalSpeech2,spoof
p227_062_NaturalSpeech2,spoof
p227_113_NaturalSpeech2,spoof
p227_231_NaturalSpeech2,spoof
p227_072_NaturalSpeech2,spoof
p227_201_NaturalSpeech2,spoof
p227_016_NaturalSpeech2,spoof
p227_160_NaturalSpeech2,spoof
p228_068_NaturalSpeech2,spoof
p228_146_NaturalSpeech2,spoof
p228_175_NaturalSpeech2,spoof
p228_069_NaturalSpeech2,spoof
p227_063_NaturalSpeech2,spoof
p227_095_NaturalSpeech2,spoof
p227_249_NaturalSpeech2,spoof
p227_248_NaturalSpeech2,spoof
p227_100_NaturalSpeech2,spoof
p227_196_NaturalSpeech2,spoof
p228_286_NaturalSpeech2,spoof
p227_291_NaturalSpeech2,spoof
p228_027_NaturalSpeech2,spoof
p228_065_NaturalSpeech2,spoof
p228_075_NaturalSpeech2,spoof
p227_068_NaturalSpeech2,spoof
p227_045_NaturalSpeech2,spoof
p228_240_NaturalSpeech2,spoof
p227_147_NaturalSpeech2,spoof
p228_091_NaturalSpeech2,spoof
p227_283_NaturalSpeech2,spoof
p228_089_NaturalSpeech2,spoof
p228_152_NaturalSpeech2,spoof
p227_195_NaturalSpeech2,spoof
p227_198_NaturalSpeech2,spoof
p227_008_NaturalSpeech2,spoof
p227_081_NaturalSpeech2,spoof
p228_250_NaturalSpeech2,spoof
p228_233_NaturalSpeech2,spoof
p227_004_NaturalSpeech2,spoof
p227_030_NaturalSpeech2,spoof
p227_214_NaturalSpeech2,spoof
p228_162_NaturalSpeech2,spoof
p227_042_NaturalSpeech2,spoof
p227_149_NaturalSpeech2,spoof
p227_080_NaturalSpeech2,spoof
p227_261_NaturalSpeech2,spoof
p227_163_NaturalSpeech2,spoof
p228_195_NaturalSpeech2,spoof
p228_182_NaturalSpeech2,spoof
p228_081_NaturalSpeech2,spoof
p228_238_NaturalSpeech2,spoof
p228_294_NaturalSpeech2,spoof
p227_290_NaturalSpeech2,spoof
p228_037_NaturalSpeech2,spoof
p227_272_NaturalSpeech2,spoof
p228_124_NaturalSpeech2,spoof
p227_266_NaturalSpeech2,spoof
p228_256_NaturalSpeech2,spoof
p228_144_NaturalSpeech2,spoof
p228_199_NaturalSpeech2,spoof
p227_046_NaturalSpeech2,spoof
p228_082_NaturalSpeech2,spoof
p227_202_NaturalSpeech2,spoof
p228_050_NaturalSpeech2,spoof
p228_036_NaturalSpeech2,spoof
p228_293_NaturalSpeech2,spoof
p228_151_NaturalSpeech2,spoof
p227_154_NaturalSpeech2,spoof
p227_128_NaturalSpeech2,spoof
p228_249_NaturalSpeech2,spoof
p227_289_NaturalSpeech2,spoof
p227_172_NaturalSpeech2,spoof
p228_028_NaturalSpeech2,spoof
p228_300_NaturalSpeech2,spoof
p228_178_NaturalSpeech2,spoof
p227_175_NaturalSpeech2,spoof
p227_219_NaturalSpeech2,spoof
p228_282_NaturalSpeech2,spoof
p228_291_NaturalSpeech2,spoof
p227_116_NaturalSpeech2,spoof
p228_244_NaturalSpeech2,spoof
p228_176_NaturalSpeech2,spoof
p227_067_NaturalSpeech2,spoof
p227_087_NaturalSpeech2,spoof
p228_163_NaturalSpeech2,spoof
p227_041_NaturalSpeech2,spoof
p227_206_NaturalSpeech2,spoof
p227_079_NaturalSpeech2,spoof
p227_282_NaturalSpeech2,spoof
p227_276_NaturalSpeech2,spoof
p227_218_NaturalSpeech2,spoof
p227_244_NaturalSpeech2,spoof
p227_164_NaturalSpeech2,spoof
p227_222_NaturalSpeech2,spoof
p228_047_NaturalSpeech2,spoof
p228_159_NaturalSpeech2,spoof
p227_150_NaturalSpeech2,spoof
p227_155_NaturalSpeech2,spoof
p227_086_NaturalSpeech2,spoof
p228_247_NaturalSpeech2,spoof
p227_131_NaturalSpeech2,spoof
p228_070_NaturalSpeech2,spoof
p227_083_NaturalSpeech2,spoof
p228_017_NaturalSpeech2,spoof
p227_001_NaturalSpeech2,spoof
p228_203_NaturalSpeech2,spoof
p227_024_NaturalSpeech2,spoof
p227_026_NaturalSpeech2,spoof
p227_051_NaturalSpeech2,spoof
p228_218_NaturalSpeech2,spoof
p227_153_NaturalSpeech2,spoof
p227_294_NaturalSpeech2,spoof
p227_114_NaturalSpeech2,spoof
p227_033_NaturalSpeech2,spoof
p228_123_NaturalSpeech2,spoof
p228_223_NaturalSpeech2,spoof
p228_297_NaturalSpeech2,spoof
p227_115_NaturalSpeech2,spoof
p227_136_NaturalSpeech2,spoof
p228_222_NaturalSpeech2,spoof
p227_120_NaturalSpeech2,spoof
p228_072_NaturalSpeech2,spoof
p228_031_NaturalSpeech2,spoof
p227_002_NaturalSpeech2,spoof
p228_235_NaturalSpeech2,spoof
p228_157_NaturalSpeech2,spoof
p227_254_NaturalSpeech2,spoof
p228_246_NaturalSpeech2,spoof
p227_015_NaturalSpeech2,spoof
p227_085_NaturalSpeech2,spoof
p228_290_NaturalSpeech2,spoof
p228_215_NaturalSpeech2,spoof
p227_129_NaturalSpeech2,spoof
p228_093_NaturalSpeech2,spoof
p227_140_NaturalSpeech2,spoof
p227_181_NaturalSpeech2,spoof
p227_197_NaturalSpeech2,spoof
p228_241_NaturalSpeech2,spoof
p227_007_NaturalSpeech2,spoof
p227_267_NaturalSpeech2,spoof
p228_086_NaturalSpeech2,spoof
p228_133_NaturalSpeech2,spoof
p227_278_NaturalSpeech2,spoof
p228_026_NaturalSpeech2,spoof
p228_232_NaturalSpeech2,spoof
p228_100_NaturalSpeech2,spoof
p228_140_NaturalSpeech2,spoof
p227_211_NaturalSpeech2,spoof
p228_191_NaturalSpeech2,spoof
p227_288_NaturalSpeech2,spoof
p228_101_NaturalSpeech2,spoof
p228_106_NaturalSpeech2,spoof
p228_001_NaturalSpeech2,spoof
p228_299_NaturalSpeech2,spoof
p228_056_NaturalSpeech2,spoof
p228_048_NaturalSpeech2,spoof
p227_064_NaturalSpeech2,spoof
p227_279_NaturalSpeech2,spoof
p228_134_NaturalSpeech2,spoof
p228_127_NaturalSpeech2,spoof
p227_260_NaturalSpeech2,spoof
p227_060_NaturalSpeech2,spoof
p227_299_NaturalSpeech2,spoof
p227_250_NaturalSpeech2,spoof
p228_264_NaturalSpeech2,spoof
p227_295_NaturalSpeech2,spoof
p228_139_NaturalSpeech2,spoof
p227_122_NaturalSpeech2,spoof
p227_236_NaturalSpeech2,spoof
p227_256_NaturalSpeech2,spoof
p227_232_NaturalSpeech2,spoof
p227_257_NaturalSpeech2,spoof
p228_010_NaturalSpeech2,spoof
p227_040_NaturalSpeech2,spoof
p227_073_NaturalSpeech2,spoof
p228_226_NaturalSpeech2,spoof
p227_246_NaturalSpeech2,spoof
p227_273_NaturalSpeech2,spoof
p227_121_NaturalSpeech2,spoof
p228_170_NaturalSpeech2,spoof
p228_194_NaturalSpeech2,spoof
p228_173_NaturalSpeech2,spoof
p228_039_NaturalSpeech2,spoof
p227_058_NaturalSpeech2,spoof
p227_118_NaturalSpeech2,spoof
p227_132_NaturalSpeech2,spoof
p227_141_NaturalSpeech2,spoof
p228_034_NaturalSpeech2,spoof
p227_142_NaturalSpeech2,spoof
p228_155_NaturalSpeech2,spoof
p228_078_NaturalSpeech2,spoof
p228_008_NaturalSpeech2,spoof
p227_227_NaturalSpeech2,spoof
p228_217_NaturalSpeech2,spoof
p228_239_NaturalSpeech2,spoof
p227_123_NaturalSpeech2,spoof
p227_014_NaturalSpeech2,spoof
p227_138_NaturalSpeech2,spoof
p227_098_NaturalSpeech2,spoof
p227_139_NaturalSpeech2,spoof
p227_192_NaturalSpeech2,spoof
p228_023_NaturalSpeech2,spoof
p228_154_NaturalSpeech2,spoof
p227_102_NaturalSpeech2,spoof
p227_130_NaturalSpeech2,spoof
p228_229_NaturalSpeech2,spoof
p227_284_NaturalSpeech2,spoof
p227_229_NaturalSpeech2,spoof
p228_055_NaturalSpeech2,spoof
p227_171_NaturalSpeech2,spoof
p227_203_NaturalSpeech2,spoof
p227_096_NaturalSpeech2,spoof
p228_005_NaturalSpeech2,spoof
p228_186_NaturalSpeech2,spoof
p228_042_NaturalSpeech2,spoof
p228_148_NaturalSpeech2,spoof
p228_225_NaturalSpeech2,spoof
p227_075_NaturalSpeech2,spoof
p228_097_NaturalSpeech2,spoof
p227_134_NaturalSpeech2,spoof
p227_242_NaturalSpeech2,spoof
p227_298_NaturalSpeech2,spoof
p228_114_NaturalSpeech2,spoof
p227_210_NaturalSpeech2,spoof
p227_052_NaturalSpeech2,spoof
p228_158_NaturalSpeech2,spoof
p227_076_NaturalSpeech2,spoof
p227_099_NaturalSpeech2,spoof
p228_102_NaturalSpeech2,spoof
p227_022_NaturalSpeech2,spoof
p228_064_NaturalSpeech2,spoof
p227_047_NaturalSpeech2,spoof
p228_268_NaturalSpeech2,spoof
p227_059_NaturalSpeech2,spoof
p227_071_NaturalSpeech2,spoof
p228_209_NaturalSpeech2,spoof
p228_103_NaturalSpeech2,spoof
p227_090_NaturalSpeech2,spoof
p227_221_NaturalSpeech2,spoof
p228_184_NaturalSpeech2,spoof
p228_208_NaturalSpeech2,spoof
p228_196_NaturalSpeech2,spoof
p228_051_NaturalSpeech2,spoof
p227_165_NaturalSpeech2,spoof
p227_101_NaturalSpeech2,spoof
p228_012_NaturalSpeech2,spoof
p228_128_NaturalSpeech2,spoof
p228_079_NaturalSpeech2,spoof
p227_168_NaturalSpeech2,spoof
p227_105_NaturalSpeech2,spoof
p227_032_NaturalSpeech2,spoof
p227_049_NaturalSpeech2,spoof
p228_253_NaturalSpeech2,spoof
p227_157_NaturalSpeech2,spoof
p228_029_NaturalSpeech2,spoof
p227_287_NaturalSpeech2,spoof
p227_133_NaturalSpeech2,spoof
p228_213_NaturalSpeech2,spoof
p227_205_NaturalSpeech2,spoof
p227_180_NaturalSpeech2,spoof
p227_108_NaturalSpeech2,spoof
p227_020_NaturalSpeech2,spoof
p227_027_NaturalSpeech2,spoof
p228_211_NaturalSpeech2,spoof
p227_012_NaturalSpeech2,spoof
p227_253_NaturalSpeech2,spoof
p227_259_NaturalSpeech2,spoof
p228_181_NaturalSpeech2,spoof
p227_061_NaturalSpeech2,spoof
p227_029_NaturalSpeech2,spoof
p228_212_NaturalSpeech2,spoof
p227_193_NaturalSpeech2,spoof
p227_143_NaturalSpeech2,spoof
p227_217_NaturalSpeech2,spoof
p227_285_NaturalSpeech2,spoof
p228_011_NaturalSpeech2,spoof
p227_239_NaturalSpeech2,spoof
p228_066_NaturalSpeech2,spoof
p228_088_NaturalSpeech2,spoof
p228_237_NaturalSpeech2,spoof
p227_212_NaturalSpeech2,spoof
p227_089_NaturalSpeech2,spoof
p228_098_NaturalSpeech2,spoof
p228_053_NaturalSpeech2,spoof
p227_010_NaturalSpeech2,spoof
p228_007_NaturalSpeech2,spoof
p228_084_NaturalSpeech2,spoof
p228_118_NaturalSpeech2,spoof
p227_146_NaturalSpeech2,spoof
p227_178_NaturalSpeech2,spoof
p227_187_NaturalSpeech2,spoof
p227_145_NaturalSpeech2,spoof
p228_283_NaturalSpeech2,spoof
p228_108_NaturalSpeech2,spoof
p227_258_NaturalSpeech2,spoof
p228_185_NaturalSpeech2,spoof
p228_261_NaturalSpeech2,spoof
p228_270_NaturalSpeech2,spoof
p228_273_NaturalSpeech2,spoof
p228_265_NaturalSpeech2,spoof
p228_142_NaturalSpeech2,spoof
p228_130_NaturalSpeech2,spoof
p227_186_NaturalSpeech2,spoof
p227_191_NaturalSpeech2,spoof
p227_107_NaturalSpeech2,spoof
p228_254_NaturalSpeech2,spoof
p227_188_NaturalSpeech2,spoof
p227_265_NaturalSpeech2,spoof
p227_084_NaturalSpeech2,spoof
p227_077_NaturalSpeech2,spoof
p228_131_NaturalSpeech2,spoof
p227_043_NaturalSpeech2,spoof
p228_135_NaturalSpeech2,spoof
p228_269_NaturalSpeech2,spoof
p228_277_NaturalSpeech2,spoof
p228_018_NaturalSpeech2,spoof
p228_242_NaturalSpeech2,spoof
p227_036_NaturalSpeech2,spoof
p228_117_NaturalSpeech2,spoof
p227_054_NaturalSpeech2,spoof
p228_187_NaturalSpeech2,spoof
p228_092_NaturalSpeech2,spoof
p228_292_NaturalSpeech2,spoof
p227_028_NaturalSpeech2,spoof
p228_149_NaturalSpeech2,spoof
p227_271_NaturalSpeech2,spoof
p227_124_NaturalSpeech2,spoof
p227_065_NaturalSpeech2,spoof
p228_275_NaturalSpeech2,spoof
p228_267_NaturalSpeech2,spoof
p227_003_NaturalSpeech2,spoof
p227_025_NaturalSpeech2,spoof
p228_168_NaturalSpeech2,spoof
p228_009_NaturalSpeech2,spoof
p228_112_NaturalSpeech2,spoof
p228_228_NaturalSpeech2,spoof
p227_044_NaturalSpeech2,spoof
p228_224_NaturalSpeech2,spoof
p227_104_NaturalSpeech2,spoof
p228_077_NaturalSpeech2,spoof
p228_063_NaturalSpeech2,spoof
p227_097_NaturalSpeech2,spoof
p228_172_NaturalSpeech2,spoof
p228_252_NaturalSpeech2,spoof
p227_268_NaturalSpeech2,spoof
p227_241_NaturalSpeech2,spoof
p227_223_NaturalSpeech2,spoof
p227_126_NaturalSpeech2,spoof
p228_180_NaturalSpeech2,spoof
p228_085_NaturalSpeech2,spoof
p227_286_NaturalSpeech2,spoof
p227_190_NaturalSpeech2,spoof
p228_263_NaturalSpeech2,spoof
p228_057_NaturalSpeech2,spoof
p227_156_NaturalSpeech2,spoof
p228_271_NaturalSpeech2,spoof
p228_288_NaturalSpeech2,spoof
p228_115_NaturalSpeech2,spoof
p227_106_NaturalSpeech2,spoof
p227_031_NaturalSpeech2,spoof
p227_038_NaturalSpeech2,spoof
p228_020_NaturalSpeech2,spoof
p228_274_NaturalSpeech2,spoof
p228_251_NaturalSpeech2,spoof
p227_213_NaturalSpeech2,spoof
p228_030_NaturalSpeech2,spoof
p227_013_NaturalSpeech2,spoof
p228_198_NaturalSpeech2,spoof
p228_038_NaturalSpeech2,spoof
p228_280_NaturalSpeech2,spoof
p227_174_NaturalSpeech2,spoof
p227_183_NaturalSpeech2,spoof
p228_014_NaturalSpeech2,spoof
p227_274_NaturalSpeech2,spoof
p228_164_NaturalSpeech2,spoof
p227_224_NaturalSpeech2,spoof
p228_120_NaturalSpeech2,spoof
p228_279_NaturalSpeech2,spoof
p228_003_NaturalSpeech2,spoof
p228_171_NaturalSpeech2,spoof
p228_167_NaturalSpeech2,spoof
p227_215_NaturalSpeech2,spoof
p228_243_NaturalSpeech2,spoof
p228_257_NaturalSpeech2,spoof
p228_046_NaturalSpeech2,spoof
p228_090_NaturalSpeech2,spoof
p227_233_NaturalSpeech2,spoof
p228_138_NaturalSpeech2,spoof
p228_111_NaturalSpeech2,spoof
p228_080_NaturalSpeech2,spoof
p227_262_NaturalSpeech2,spoof
p227_057_NaturalSpeech2,spoof
p227_093_NaturalSpeech2,spoof
p228_136_NaturalSpeech2,spoof
p228_210_NaturalSpeech2,spoof
p227_169_NaturalSpeech2,spoof
p227_245_NaturalSpeech2,spoof
p227_269_NaturalSpeech2,spoof
p227_176_NaturalSpeech2,spoof
p228_022_NaturalSpeech2,spoof
p228_278_NaturalSpeech2,spoof
p227_110_NaturalSpeech2,spoof
p228_115_StyleTTS2,spoof
p227_157_StyleTTS2,spoof
p228_260_StyleTTS2,spoof
p228_168_StyleTTS2,spoof
p227_289_StyleTTS2,spoof
p227_129_StyleTTS2,spoof
p228_086_StyleTTS2,spoof
p228_149_StyleTTS2,spoof
p228_123_StyleTTS2,spoof
p227_300_StyleTTS2,spoof
p227_225_StyleTTS2,spoof
p228_120_StyleTTS2,spoof
p228_033_StyleTTS2,spoof
p227_033_StyleTTS2,spoof
p228_128_StyleTTS2,spoof
p227_061_StyleTTS2,spoof
p228_085_StyleTTS2,spoof
p227_074_StyleTTS2,spoof
p228_036_StyleTTS2,spoof
p227_075_StyleTTS2,spoof
p228_138_StyleTTS2,spoof
p227_268_StyleTTS2,spoof
p227_208_StyleTTS2,spoof
p228_078_StyleTTS2,spoof
p227_031_StyleTTS2,spoof
p227_041_StyleTTS2,spoof
p227_123_StyleTTS2,spoof
p227_059_StyleTTS2,spoof
p228_002_StyleTTS2,spoof
p228_188_StyleTTS2,spoof
p228_279_StyleTTS2,spoof
p227_111_StyleTTS2,spoof
p227_081_StyleTTS2,spoof
p227_117_StyleTTS2,spoof
p228_191_StyleTTS2,spoof
p227_207_StyleTTS2,spoof
p227_069_StyleTTS2,spoof
p227_234_StyleTTS2,spoof
p227_036_StyleTTS2,spoof
p227_148_StyleTTS2,spoof
p228_300_StyleTTS2,spoof
p227_241_StyleTTS2,spoof
p227_175_StyleTTS2,spoof
p228_039_StyleTTS2,spoof
p227_076_StyleTTS2,spoof
p228_012_StyleTTS2,spoof
p227_001_StyleTTS2,spoof
p228_189_StyleTTS2,spoof
p228_254_StyleTTS2,spoof
p227_273_StyleTTS2,spoof
p227_044_StyleTTS2,spoof
p228_193_StyleTTS2,spoof
p228_233_StyleTTS2,spoof
p227_250_StyleTTS2,spoof
p228_121_StyleTTS2,spoof
p228_062_StyleTTS2,spoof
p227_032_StyleTTS2,spoof
p228_084_StyleTTS2,spoof
p227_164_StyleTTS2,spoof
p228_106_StyleTTS2,spoof
p227_257_StyleTTS2,spoof
p228_097_StyleTTS2,spoof
p227_156_StyleTTS2,spoof
p227_048_StyleTTS2,spoof
p228_053_StyleTTS2,spoof
p227_174_StyleTTS2,spoof
p228_072_StyleTTS2,spoof
p227_226_StyleTTS2,spoof
p227_191_StyleTTS2,spoof
p227_051_StyleTTS2,spoof
p227_290_StyleTTS2,spoof
p228_275_StyleTTS2,spoof
p228_192_StyleTTS2,spoof
p228_170_StyleTTS2,spoof
p227_195_StyleTTS2,spoof
p228_239_StyleTTS2,spoof
p227_118_StyleTTS2,spoof
p228_164_StyleTTS2,spoof
p227_270_StyleTTS2,spoof
p227_049_StyleTTS2,spoof
p227_102_StyleTTS2,spoof
p227_284_StyleTTS2,spoof
p228_231_StyleTTS2,spoof
p228_286_StyleTTS2,spoof
p227_024_StyleTTS2,spoof
p228_171_StyleTTS2,spoof
p227_090_StyleTTS2,spoof
p228_274_StyleTTS2,spoof
p228_037_StyleTTS2,spoof
p228_042_StyleTTS2,spoof
p228_040_StyleTTS2,spoof
p228_066_StyleTTS2,spoof
p228_065_StyleTTS2,spoof
p227_206_StyleTTS2,spoof
p228_018_StyleTTS2,spoof
p227_087_StyleTTS2,spoof
p227_214_StyleTTS2,spoof
p227_098_StyleTTS2,spoof
p228_083_StyleTTS2,spoof
p228_206_StyleTTS2,spoof
p228_045_StyleTTS2,spoof
p228_252_StyleTTS2,spoof
p228_235_StyleTTS2,spoof
p227_281_StyleTTS2,spoof
p227_136_StyleTTS2,spoof
p227_236_StyleTTS2,spoof
p227_296_StyleTTS2,spoof
p227_034_StyleTTS2,spoof
p228_214_StyleTTS2,spoof
p228_030_StyleTTS2,spoof
p227_142_StyleTTS2,spoof
p227_267_StyleTTS2,spoof
p228_165_StyleTTS2,spoof
p227_298_StyleTTS2,spoof
p227_119_StyleTTS2,spoof
p227_293_StyleTTS2,spoof
p227_252_StyleTTS2,spoof
p228_090_StyleTTS2,spoof
p227_104_StyleTTS2,spoof
p228_261_StyleTTS2,spoof
p228_110_StyleTTS2,spoof
p227_017_StyleTTS2,spoof
p227_028_StyleTTS2,spoof
p227_130_StyleTTS2,spoof
p227_060_StyleTTS2,spoof
p227_144_StyleTTS2,spoof
p228_268_StyleTTS2,spoof
p228_180_StyleTTS2,spoof
p228_228_StyleTTS2,spoof
p228_159_StyleTTS2,spoof
p227_147_StyleTTS2,spoof
p227_046_StyleTTS2,spoof
p228_070_StyleTTS2,spoof
p228_026_StyleTTS2,spoof
p227_166_StyleTTS2,spoof
p227_026_StyleTTS2,spoof
p227_043_StyleTTS2,spoof
p228_277_StyleTTS2,spoof
p228_162_StyleTTS2,spoof
p227_083_StyleTTS2,spoof
p227_010_StyleTTS2,spoof
p227_260_StyleTTS2,spoof
p228_229_StyleTTS2,spoof
p228_248_StyleTTS2,spoof
p228_133_StyleTTS2,spoof
p228_273_StyleTTS2,spoof
p228_220_StyleTTS2,spoof
p228_250_StyleTTS2,spoof
p227_171_StyleTTS2,spoof
p227_205_StyleTTS2,spoof
p228_145_StyleTTS2,spoof
p228_181_StyleTTS2,spoof
p228_236_StyleTTS2,spoof
p228_041_StyleTTS2,spoof
p228_266_StyleTTS2,spoof
p228_246_StyleTTS2,spoof
p227_288_StyleTTS2,spoof
p227_002_StyleTTS2,spoof
p228_215_StyleTTS2,spoof
p228_047_StyleTTS2,spoof
p228_119_StyleTTS2,spoof
p228_108_StyleTTS2,spoof
p227_065_StyleTTS2,spoof
p228_177_StyleTTS2,spoof
p228_178_StyleTTS2,spoof
p227_297_StyleTTS2,spoof
p227_161_StyleTTS2,spoof
p227_106_StyleTTS2,spoof
p228_213_StyleTTS2,spoof
p228_058_StyleTTS2,spoof
p227_039_StyleTTS2,spoof
p227_037_StyleTTS2,spoof
p228_007_StyleTTS2,spoof
p227_004_StyleTTS2,spoof
p228_256_StyleTTS2,spoof
p228_205_StyleTTS2,spoof
p227_292_StyleTTS2,spoof
p228_211_StyleTTS2,spoof
p227_238_StyleTTS2,spoof
p227_240_StyleTTS2,spoof
p227_063_StyleTTS2,spoof
p227_194_StyleTTS2,spoof
p227_211_StyleTTS2,spoof
p227_243_StyleTTS2,spoof
p228_267_StyleTTS2,spoof
p228_166_StyleTTS2,spoof
p227_152_StyleTTS2,spoof
p227_094_StyleTTS2,spoof
p228_292_StyleTTS2,spoof
p227_154_StyleTTS2,spoof
p228_077_StyleTTS2,spoof
p228_129_StyleTTS2,spoof
p227_202_StyleTTS2,spoof
p227_173_StyleTTS2,spoof
p227_227_StyleTTS2,spoof
p227_113_StyleTTS2,spoof
p228_186_StyleTTS2,spoof
p228_217_StyleTTS2,spoof
p228_094_StyleTTS2,spoof
p227_224_StyleTTS2,spoof
p227_276_StyleTTS2,spoof
p228_176_StyleTTS2,spoof
p227_163_StyleTTS2,spoof
p227_153_StyleTTS2,spoof
p227_254_StyleTTS2,spoof
p227_233_StyleTTS2,spoof
p227_187_StyleTTS2,spoof
p228_107_StyleTTS2,spoof
p227_021_StyleTTS2,spoof
p227_172_StyleTTS2,spoof
p228_158_StyleTTS2,spoof
p227_186_StyleTTS2,spoof
p227_020_StyleTTS2,spoof
p228_001_StyleTTS2,spoof
p228_130_StyleTTS2,spoof
p228_141_StyleTTS2,spoof
p227_005_StyleTTS2,spoof
p228_167_StyleTTS2,spoof
p228_113_StyleTTS2,spoof
p227_264_StyleTTS2,spoof
p228_194_StyleTTS2,spoof
p228_114_StyleTTS2,spoof
p228_201_StyleTTS2,spoof
p227_022_StyleTTS2,spoof
p228_005_StyleTTS2,spoof
p228_221_StyleTTS2,spoof
p227_295_StyleTTS2,spoof
p227_096_StyleTTS2,spoof
p227_006_StyleTTS2,spoof
p227_223_StyleTTS2,spoof
p227_269_StyleTTS2,spoof
p228_230_StyleTTS2,spoof
p227_138_StyleTTS2,spoof
p227_263_StyleTTS2,spoof
p227_012_StyleTTS2,spoof
p228_196_StyleTTS2,spoof
p228_061_StyleTTS2,spoof
p227_062_StyleTTS2,spoof
p228_242_StyleTTS2,spoof
p228_259_StyleTTS2,spoof
p227_261_StyleTTS2,spoof
p228_092_StyleTTS2,spoof
p227_160_StyleTTS2,spoof
p228_043_StyleTTS2,spoof
p227_244_StyleTTS2,spoof
p227_150_StyleTTS2,spoof
p227_279_StyleTTS2,spoof
p228_038_StyleTTS2,spoof
p228_258_StyleTTS2,spoof
p228_117_StyleTTS2,spoof
p227_204_StyleTTS2,spoof
p228_296_StyleTTS2,spoof
p227_201_StyleTTS2,spoof
p227_231_StyleTTS2,spoof
p228_054_StyleTTS2,spoof
p227_007_StyleTTS2,spoof
p227_134_StyleTTS2,spoof
p228_155_StyleTTS2,spoof
p228_290_StyleTTS2,spoof
p228_208_StyleTTS2,spoof
p227_272_StyleTTS2,spoof
p228_124_StyleTTS2,spoof
p228_278_StyleTTS2,spoof
p227_101_StyleTTS2,spoof
p228_295_StyleTTS2,spoof
p228_243_StyleTTS2,spoof
p227_013_StyleTTS2,spoof
p228_284_StyleTTS2,spoof
p227_196_StyleTTS2,spoof
p228_135_StyleTTS2,spoof
p228_185_StyleTTS2,spoof
p227_217_StyleTTS2,spoof
p227_262_StyleTTS2,spoof
p227_256_StyleTTS2,spoof
p228_237_StyleTTS2,spoof
p227_299_StyleTTS2,spoof
p228_122_StyleTTS2,spoof
p228_003_StyleTTS2,spoof
p228_112_StyleTTS2,spoof
p228_234_StyleTTS2,spoof
p227_287_StyleTTS2,spoof
p228_210_StyleTTS2,spoof
p228_017_StyleTTS2,spoof
p227_064_StyleTTS2,spoof
p228_055_StyleTTS2,spoof
p228_071_StyleTTS2,spoof
p228_022_StyleTTS2,spoof
p227_255_StyleTTS2,spoof
p227_078_StyleTTS2,spoof
p228_006_StyleTTS2,spoof
p227_259_StyleTTS2,spoof
p228_105_StyleTTS2,spoof
p228_262_StyleTTS2,spoof
p228_137_StyleTTS2,spoof
p228_021_StyleTTS2,spoof
p228_282_StyleTTS2,spoof
p227_029_StyleTTS2,spoof
p228_099_StyleTTS2,spoof
p227_181_StyleTTS2,spoof
p227_190_StyleTTS2,spoof
p227_115_StyleTTS2,spoof
p227_286_StyleTTS2,spoof
p227_116_StyleTTS2,spoof
p228_139_StyleTTS2,spoof
p227_155_StyleTTS2,spoof
p227_132_StyleTTS2,spoof
p228_212_StyleTTS2,spoof
p227_168_StyleTTS2,spoof
p228_283_StyleTTS2,spoof
p228_169_StyleTTS2,spoof
p227_184_StyleTTS2,spoof
p228_265_StyleTTS2,spoof
p227_120_StyleTTS2,spoof
p227_215_StyleTTS2,spoof
p227_080_StyleTTS2,spoof
p227_137_StyleTTS2,spoof
p227_131_StyleTTS2,spoof
p228_064_StyleTTS2,spoof
p228_156_StyleTTS2,spoof
p228_068_StyleTTS2,spoof
p228_152_StyleTTS2,spoof
p227_108_StyleTTS2,spoof
p228_154_StyleTTS2,spoof
p227_071_StyleTTS2,spoof
p227_143_StyleTTS2,spoof
p228_207_StyleTTS2,spoof
p228_179_StyleTTS2,spoof
p228_269_StyleTTS2,spoof
p227_162_StyleTTS2,spoof
p227_274_StyleTTS2,spoof
p227_072_StyleTTS2,spoof
p228_063_StyleTTS2,spoof
p228_264_StyleTTS2,spoof
p227_073_StyleTTS2,spoof
p228_144_StyleTTS2,spoof
p227_146_StyleTTS2,spoof
p228_015_StyleTTS2,spoof
p228_013_StyleTTS2,spoof
p228_226_StyleTTS2,spoof
p227_232_StyleTTS2,spoof
p228_056_StyleTTS2,spoof
p227_149_StyleTTS2,spoof
p228_247_StyleTTS2,spoof
p227_230_StyleTTS2,spoof
p228_081_StyleTTS2,spoof
p228_227_StyleTTS2,spoof
p228_091_StyleTTS2,spoof
p227_251_StyleTTS2,spoof
p228_088_StyleTTS2,spoof
p228_148_StyleTTS2,spoof
p228_103_StyleTTS2,spoof
p227_165_StyleTTS2,spoof
p227_275_StyleTTS2,spoof
p228_049_StyleTTS2,spoof
p228_204_StyleTTS2,spoof
p228_175_StyleTTS2,spoof
p227_011_StyleTTS2,spoof
p227_266_StyleTTS2,spoof
p228_223_StyleTTS2,spoof
p227_121_StyleTTS2,spoof
p228_285_StyleTTS2,spoof
p227_193_StyleTTS2,spoof
p227_283_StyleTTS2,spoof
p227_159_StyleTTS2,spoof
p227_182_StyleTTS2,spoof
p228_016_StyleTTS2,spoof
p228_104_StyleTTS2,spoof
p228_102_StyleTTS2,spoof
p228_249_StyleTTS2,spoof
p227_282_StyleTTS2,spoof
p227_055_StyleTTS2,spoof
p228_087_StyleTTS2,spoof
p227_066_StyleTTS2,spoof
p227_105_StyleTTS2,spoof
p228_080_StyleTTS2,spoof
p227_167_StyleTTS2,spoof
p228_032_StyleTTS2,spoof
p227_070_StyleTTS2,spoof
p228_025_StyleTTS2,spoof
p228_272_StyleTTS2,spoof
p228_183_StyleTTS2,spoof
p228_052_StyleTTS2,spoof
p228_031_StyleTTS2,spoof
p227_179_StyleTTS2,spoof
p227_221_StyleTTS2,spoof
p228_109_StyleTTS2,spoof
p228_131_StyleTTS2,spoof
p228_073_StyleTTS2,spoof
p228_151_StyleTTS2,spoof
p227_145_StyleTTS2,spoof
p227_219_StyleTTS2,spoof
p228_142_StyleTTS2,spoof
p228_232_StyleTTS2,spoof
p228_075_StyleTTS2,spoof
p228_048_StyleTTS2,spoof
p228_203_StyleTTS2,spoof
p227_025_StyleTTS2,spoof
p227_258_StyleTTS2,spoof
p228_195_StyleTTS2,spoof
p228_132_StyleTTS2,spoof
p227_180_StyleTTS2,spoof
p228_253_StyleTTS2,spoof
p227_095_StyleTTS2,spoof
p227_127_StyleTTS2,spoof
p227_084_StyleTTS2,spoof
p227_242_StyleTTS2,spoof
p227_092_StyleTTS2,spoof
p228_118_StyleTTS2,spoof
p228_079_StyleTTS2,spoof
p228_219_StyleTTS2,spoof
p228_082_StyleTTS2,spoof
p228_172_StyleTTS2,spoof
p227_054_StyleTTS2,spoof
p228_011_StyleTTS2,spoof
p227_112_StyleTTS2,spoof
p227_122_StyleTTS2,spoof
p228_160_StyleTTS2,spoof
p227_047_StyleTTS2,spoof
p227_245_StyleTTS2,spoof
p228_209_StyleTTS2,spoof
p228_034_StyleTTS2,spoof
p227_109_StyleTTS2,spoof
p227_042_StyleTTS2,spoof
p228_216_StyleTTS2,spoof
p228_004_StyleTTS2,spoof
p227_052_StyleTTS2,spoof
p228_298_StyleTTS2,spoof
p227_103_StyleTTS2,spoof
p227_198_StyleTTS2,spoof
p227_247_StyleTTS2,spoof
p227_016_StyleTTS2,spoof
p227_235_StyleTTS2,spoof
p227_114_StyleTTS2,spoof
p227_057_StyleTTS2,spoof
p228_057_StyleTTS2,spoof
p227_265_StyleTTS2,spoof
p227_099_StyleTTS2,spoof
p228_182_StyleTTS2,spoof
p228_074_StyleTTS2,spoof
p227_185_StyleTTS2,spoof
p227_239_StyleTTS2,spoof
p228_224_StyleTTS2,spoof
p227_177_StyleTTS2,spoof
p227_228_StyleTTS2,spoof
p227_077_StyleTTS2,spoof
p228_010_StyleTTS2,spoof
p228_244_StyleTTS2,spoof
p228_241_StyleTTS2,spoof
p227_203_StyleTTS2,spoof
p227_210_StyleTTS2,spoof
p227_209_StyleTTS2,spoof
p228_093_StyleTTS2,spoof
p227_141_StyleTTS2,spoof
p228_190_StyleTTS2,spoof
p228_136_StyleTTS2,spoof
p227_014_StyleTTS2,spoof
p227_176_StyleTTS2,spoof
p227_237_StyleTTS2,spoof
p228_291_StyleTTS2,spoof
p227_291_StyleTTS2,spoof
p227_086_StyleTTS2,spoof
p228_101_StyleTTS2,spoof
p227_229_StyleTTS2,spoof
p228_147_StyleTTS2,spoof
p228_287_StyleTTS2,spoof
p227_100_StyleTTS2,spoof
p227_183_StyleTTS2,spoof
p227_216_StyleTTS2,spoof
p227_050_StyleTTS2,spoof
p228_161_StyleTTS2,spoof
p227_093_StyleTTS2,spoof
p228_028_StyleTTS2,spoof
p227_151_StyleTTS2,spoof
p228_076_StyleTTS2,spoof
p227_139_StyleTTS2,spoof
p227_213_StyleTTS2,spoof
p227_067_StyleTTS2,spoof
p228_225_StyleTTS2,spoof
p227_222_StyleTTS2,spoof
p227_280_StyleTTS2,spoof
p228_096_StyleTTS2,spoof
p227_189_StyleTTS2,spoof
p227_088_StyleTTS2,spoof
p227_294_StyleTTS2,spoof
p228_051_StyleTTS2,spoof
p228_027_StyleTTS2,spoof
p228_019_StyleTTS2,spoof
p227_128_StyleTTS2,spoof
p227_124_StyleTTS2,spoof
p228_116_StyleTTS2,spoof
p228_218_StyleTTS2,spoof
p228_150_StyleTTS2,spoof
p227_271_StyleTTS2,spoof
p227_030_StyleTTS2,spoof
p227_003_StyleTTS2,spoof
p228_202_StyleTTS2,spoof
p228_059_StyleTTS2,spoof
p228_240_StyleTTS2,spoof
p227_089_StyleTTS2,spoof
p228_263_StyleTTS2,spoof
p228_069_StyleTTS2,spoof
p227_246_StyleTTS2,spoof
p227_056_StyleTTS2,spoof
p228_146_StyleTTS2,spoof
p227_035_StyleTTS2,spoof
p228_184_StyleTTS2,spoof
p227_040_StyleTTS2,spoof
p228_255_StyleTTS2,spoof
p228_294_StyleTTS2,spoof
p228_008_StyleTTS2,spoof
p227_097_StyleTTS2,spoof
p228_280_StyleTTS2,spoof
p228_023_StyleTTS2,spoof
p227_253_StyleTTS2,spoof
p228_173_StyleTTS2,spoof
p228_067_StyleTTS2,spoof
p228_199_StyleTTS2,spoof
p228_198_StyleTTS2,spoof
p228_153_StyleTTS2,spoof
p228_174_StyleTTS2,spoof
p227_085_StyleTTS2,spoof
p228_251_StyleTTS2,spoof
p227_249_StyleTTS2,spoof
p227_212_StyleTTS2,spoof
p227_019_StyleTTS2,spoof
p227_082_StyleTTS2,spoof
p227_058_StyleTTS2,spoof
p228_125_StyleTTS2,spoof
p227_278_StyleTTS2,spoof
p228_245_StyleTTS2,spoof
p228_044_StyleTTS2,spoof
p228_050_StyleTTS2,spoof
p227_170_StyleTTS2,spoof
p228_046_StyleTTS2,spoof
p228_024_StyleTTS2,spoof
p228_197_StyleTTS2,spoof
p227_277_StyleTTS2,spoof
p228_271_StyleTTS2,spoof
p228_157_StyleTTS2,spoof
p227_248_StyleTTS2,spoof
p227_079_StyleTTS2,spoof
p228_020_StyleTTS2,spoof
p228_014_StyleTTS2,spoof
p228_276_StyleTTS2,spoof
p228_299_StyleTTS2,spoof
p228_297_StyleTTS2,spoof
p228_095_StyleTTS2,spoof
p227_133_StyleTTS2,spoof
p227_158_StyleTTS2,spoof
p227_027_StyleTTS2,spoof
p228_089_StyleTTS2,spoof
p228_029_StyleTTS2,spoof
p227_125_StyleTTS2,spoof
p227_169_StyleTTS2,spoof
p227_110_StyleTTS2,spoof
p228_134_StyleTTS2,spoof
p228_288_StyleTTS2,spoof
p227_140_StyleTTS2,spoof
p227_045_StyleTTS2,spoof
p227_197_StyleTTS2,spoof
p228_098_StyleTTS2,spoof
p227_192_StyleTTS2,spoof
p227_107_StyleTTS2,spoof
p227_200_StyleTTS2,spoof
p227_018_StyleTTS2,spoof
p228_270_StyleTTS2,spoof
p228_187_StyleTTS2,spoof
p228_009_StyleTTS2,spoof
p227_135_StyleTTS2,spoof
p228_257_StyleTTS2,spoof
p227_008_StyleTTS2,spoof
p227_285_StyleTTS2,spoof
p228_289_StyleTTS2,spoof
p228_200_StyleTTS2,spoof
p228_127_StyleTTS2,spoof
p227_053_StyleTTS2,spoof
p228_143_StyleTTS2,spoof
p227_178_StyleTTS2,spoof
p228_140_StyleTTS2,spoof
p228_035_StyleTTS2,spoof
p227_199_StyleTTS2,spoof
p228_100_StyleTTS2,spoof
p227_091_StyleTTS2,spoof
p228_111_StyleTTS2,spoof
p228_060_StyleTTS2,spoof
p227_126_StyleTTS2,spoof
p228_222_StyleTTS2,spoof
p228_163_StyleTTS2,spoof
p228_126_StyleTTS2,spoof
p228_238_StyleTTS2,spoof
p227_009_StyleTTS2,spoof
p227_015_StyleTTS2,spoof
p227_220_StyleTTS2,spoof
p227_038_StyleTTS2,spoof
p227_023_StyleTTS2,spoof
p228_281_StyleTTS2,spoof
p227_188_StyleTTS2,spoof
p227_068_StyleTTS2,spoof
p227_218_StyleTTS2,spoof
p228_293_StyleTTS2,spoof
p228_071_pflow,spoof
p227_058_pflow,spoof
p228_285_pflow,spoof
p228_264_pflow,spoof
p227_042_pflow,spoof
p228_143_pflow,spoof
p227_269_pflow,spoof
p228_218_pflow,spoof
p228_152_pflow,spoof
p228_207_pflow,spoof
p227_243_pflow,spoof
p227_123_pflow,spoof
p228_104_pflow,spoof
p227_154_pflow,spoof
p227_061_pflow,spoof
p228_006_pflow,spoof
p227_226_pflow,spoof
p227_072_pflow,spoof
p228_080_pflow,spoof
p227_293_pflow,spoof
p228_186_pflow,spoof
p228_216_pflow,spoof
p227_012_pflow,spoof
p228_189_pflow,spoof
p227_037_pflow,spoof
p228_294_pflow,spoof
p227_080_pflow,spoof
p228_254_pflow,spoof
p228_229_pflow,spoof
p227_008_pflow,spoof
p228_021_pflow,spoof
p227_201_pflow,spoof
p227_129_pflow,spoof
p227_007_pflow,spoof
p228_250_pflow,spoof
p227_010_pflow,spoof
p227_150_pflow,spoof
p228_259_pflow,spoof
p227_078_pflow,spoof
p227_041_pflow,spoof
p228_132_pflow,spoof
p228_185_pflow,spoof
p228_201_pflow,spoof
p228_079_pflow,spoof
p228_045_pflow,spoof
p227_086_pflow,spoof
p228_174_pflow,spoof
p227_236_pflow,spoof
p228_134_pflow,spoof
p227_215_pflow,spoof
p227_160_pflow,spoof
p227_046_pflow,spoof
p228_231_pflow,spoof
p227_069_pflow,spoof
p227_067_pflow,spoof
p228_260_pflow,spoof
p228_029_pflow,spoof
p227_093_pflow,spoof
p228_004_pflow,spoof
p228_043_pflow,spoof
p228_228_pflow,spoof
p228_157_pflow,spoof
p228_214_pflow,spoof
p228_163_pflow,spoof
p228_049_pflow,spoof
p228_135_pflow,spoof
p228_208_pflow,spoof
p228_206_pflow,spoof
p228_060_pflow,spoof
p228_063_pflow,spoof
p228_299_pflow,spoof
p227_184_pflow,spoof
p227_100_pflow,spoof
p227_155_pflow,spoof
p227_176_pflow,spoof
p228_144_pflow,spoof
p227_132_pflow,spoof
p228_084_pflow,spoof
p227_281_pflow,spoof
p227_242_pflow,spoof
p228_076_pflow,spoof
p227_211_pflow,spoof
p227_259_pflow,spoof
p227_198_pflow,spoof
p228_194_pflow,spoof
p228_246_pflow,spoof
p227_141_pflow,spoof
p227_249_pflow,spoof
p227_239_pflow,spoof
p227_051_pflow,spoof
p227_071_pflow,spoof
p228_176_pflow,spoof
p227_234_pflow,spoof
p228_287_pflow,spoof
p227_013_pflow,spoof
p227_050_pflow,spoof
p228_062_pflow,spoof
p227_257_pflow,spoof
p227_140_pflow,spoof
p228_276_pflow,spoof
p228_089_pflow,spoof
p227_238_pflow,spoof
p227_190_pflow,spoof
p228_117_pflow,spoof
p228_088_pflow,spoof
p227_266_pflow,spoof
p227_028_pflow,spoof
p227_145_pflow,spoof
p227_014_pflow,spoof
p227_142_pflow,spoof
p227_035_pflow,spoof
p227_149_pflow,spoof
p228_025_pflow,spoof
p227_139_pflow,spoof
p227_133_pflow,spoof
p227_029_pflow,spoof
p227_017_pflow,spoof
p228_183_pflow,spoof
p228_192_pflow,spoof
p228_190_pflow,spoof
p228_173_pflow,spoof
p228_265_pflow,spoof
p227_110_pflow,spoof
p227_232_pflow,spoof
p227_268_pflow,spoof
p227_135_pflow,spoof
p227_169_pflow,spoof
p227_207_pflow,spoof
p228_293_pflow,spoof
p228_156_pflow,spoof
p227_202_pflow,spoof
p227_221_pflow,spoof
p228_096_pflow,spoof
p227_070_pflow,spoof
p227_200_pflow,spoof
p228_091_pflow,spoof
p228_116_pflow,spoof
p228_010_pflow,spoof
p227_146_pflow,spoof
p228_050_pflow,spoof
p228_100_pflow,spoof
p228_230_pflow,spoof
p227_047_pflow,spoof
p228_048_pflow,spoof
p227_224_pflow,spoof
p228_066_pflow,spoof
p227_064_pflow,spoof
p228_046_pflow,spoof
p227_043_pflow,spoof
p228_130_pflow,spoof
p228_289_pflow,spoof
p227_038_pflow,spoof
p228_184_pflow,spoof
p228_137_pflow,spoof
p227_275_pflow,spoof
p227_274_pflow,spoof
p227_087_pflow,spoof
p228_212_pflow,spoof
p227_089_pflow,spoof
p227_178_pflow,spoof
p228_280_pflow,spoof
p227_166_pflow,spoof
p228_249_pflow,spoof
p227_240_pflow,spoof
p227_085_pflow,spoof
p227_111_pflow,spoof
p227_158_pflow,spoof
p227_180_pflow,spoof
p227_276_pflow,spoof
p227_091_pflow,spoof
p228_199_pflow,spoof
p228_037_pflow,spoof
p228_267_pflow,spoof
p227_244_pflow,spoof
p228_233_pflow,spoof
p228_217_pflow,spoof
p227_247_pflow,spoof
p228_272_pflow,spoof
p227_195_pflow,spoof
p228_203_pflow,spoof
p227_157_pflow,spoof
p227_227_pflow,spoof
p227_258_pflow,spoof
p228_013_pflow,spoof
p227_114_pflow,spoof
p228_269_pflow,spoof
p228_102_pflow,spoof
p227_263_pflow,spoof
p227_246_pflow,spoof
p228_024_pflow,spoof
p228_200_pflow,spoof
p227_261_pflow,spoof
p227_125_pflow,spoof
p228_300_pflow,spoof
p227_285_pflow,spoof
p227_104_pflow,spoof
p228_056_pflow,spoof
p227_066_pflow,spoof
p227_057_pflow,spoof
p228_110_pflow,spoof
p227_175_pflow,spoof
p228_099_pflow,spoof
p227_245_pflow,spoof
p227_026_pflow,spoof
p227_252_pflow,spoof
p227_253_pflow,spoof
p227_001_pflow,spoof
p228_030_pflow,spoof
p228_086_pflow,spoof
p227_222_pflow,spoof
p228_083_pflow,spoof
p227_187_pflow,spoof
p227_223_pflow,spoof
p228_061_pflow,spoof
p227_144_pflow,spoof
p228_268_pflow,spoof
p227_174_pflow,spoof
p228_263_pflow,spoof
p228_012_pflow,spoof
p228_038_pflow,spoof
p227_282_pflow,spoof
p228_284_pflow,spoof
p228_022_pflow,spoof
p227_208_pflow,spoof
p228_128_pflow,spoof
p227_235_pflow,spoof
p227_101_pflow,spoof
p228_122_pflow,spoof
p227_168_pflow,spoof
p228_165_pflow,spoof
p228_243_pflow,spoof
p228_133_pflow,spoof
p228_069_pflow,spoof
p227_097_pflow,spoof
p228_093_pflow,spoof
p227_270_pflow,spoof
p227_098_pflow,spoof
p228_147_pflow,spoof
p228_258_pflow,spoof
p228_112_pflow,spoof
p228_160_pflow,spoof
p228_241_pflow,spoof
p228_051_pflow,spoof
p227_040_pflow,spoof
p227_103_pflow,spoof
p227_182_pflow,spoof
p227_148_pflow,spoof
p227_283_pflow,spoof
p228_235_pflow,spoof
p227_065_pflow,spoof
p228_224_pflow,spoof
p227_185_pflow,spoof
p228_149_pflow,spoof
p228_291_pflow,spoof
p228_009_pflow,spoof
p227_288_pflow,spoof
p227_006_pflow,spoof
p227_254_pflow,spoof
p228_015_pflow,spoof
p228_103_pflow,spoof
p228_282_pflow,spoof
p227_163_pflow,spoof
p228_074_pflow,spoof
p228_140_pflow,spoof
p227_300_pflow,spoof
p228_073_pflow,spoof
p228_262_pflow,spoof
p228_017_pflow,spoof
p228_094_pflow,spoof
p228_040_pflow,spoof
p228_059_pflow,spoof
p228_154_pflow,spoof
p227_233_pflow,spoof
p228_238_pflow,spoof
p228_239_pflow,spoof
p228_031_pflow,spoof
p227_116_pflow,spoof
p228_193_pflow,spoof
p228_223_pflow,spoof
p227_153_pflow,spoof
p227_124_pflow,spoof
p228_252_pflow,spoof
p228_178_pflow,spoof
p227_127_pflow,spoof
p227_217_pflow,spoof
p227_162_pflow,spoof
p228_169_pflow,spoof
p227_060_pflow,spoof
p227_179_pflow,spoof
p228_028_pflow,spoof
p227_297_pflow,spoof
p227_094_pflow,spoof
p227_256_pflow,spoof
p228_011_pflow,spoof
p228_288_pflow,spoof
p227_049_pflow,spoof
p228_270_pflow,spoof
p227_290_pflow,spoof
p228_032_pflow,spoof
p228_298_pflow,spoof
p227_284_pflow,spoof
p227_295_pflow,spoof
p228_053_pflow,spoof
p227_298_pflow,spoof
p228_113_pflow,spoof
p227_296_pflow,spoof
p227_199_pflow,spoof
p228_121_pflow,spoof
p228_131_pflow,spoof
p228_251_pflow,spoof
p227_197_pflow,spoof
p227_112_pflow,spoof
p227_147_pflow,spoof
p228_064_pflow,spoof
p227_131_pflow,spoof
p227_088_pflow,spoof
p227_054_pflow,spoof
p228_138_pflow,spoof
p228_242_pflow,spoof
p228_065_pflow,spoof
p227_092_pflow,spoof
p227_172_pflow,spoof
p228_107_pflow,spoof
p227_271_pflow,spoof
p228_023_pflow,spoof
p228_222_pflow,spoof
p228_068_pflow,spoof
p228_145_pflow,spoof
p228_151_pflow,spoof
p228_255_pflow,spoof
p227_241_pflow,spoof
p227_076_pflow,spoof
p227_073_pflow,spoof
p228_296_pflow,spoof
p227_289_pflow,spoof
p228_191_pflow,spoof
p228_170_pflow,spoof
p228_108_pflow,spoof
p227_262_pflow,spoof
p227_039_pflow,spoof
p227_011_pflow,spoof
p227_213_pflow,spoof
p228_078_pflow,spoof
p228_204_pflow,spoof
p228_101_pflow,spoof
p227_020_pflow,spoof
p228_248_pflow,spoof
p227_022_pflow,spoof
p227_248_pflow,spoof
p228_283_pflow,spoof
p227_059_pflow,spoof
p228_209_pflow,spoof
p228_261_pflow,spoof
p227_286_pflow,spoof
p227_204_pflow,spoof
p228_120_pflow,spoof
p227_009_pflow,spoof
p227_230_pflow,spoof
p227_031_pflow,spoof
p228_105_pflow,spoof
p228_236_pflow,spoof
p227_138_pflow,spoof
p228_085_pflow,spoof
p227_095_pflow,spoof
p228_295_pflow,spoof
p227_107_pflow,spoof
p228_286_pflow,spoof
p228_197_pflow,spoof
p227_292_pflow,spoof
p227_228_pflow,spoof
p227_079_pflow,spoof
p228_139_pflow,spoof
p227_210_pflow,spoof
p228_211_pflow,spoof
p228_221_pflow,spoof
p227_167_pflow,spoof
p228_067_pflow,spoof
p228_041_pflow,spoof
p228_095_pflow,spoof
p228_171_pflow,spoof
p228_109_pflow,spoof
p228_256_pflow,spoof
p228_055_pflow,spoof
p228_210_pflow,spoof
p227_084_pflow,spoof
p228_213_pflow,spoof
p227_081_pflow,spoof
p228_219_pflow,spoof
p228_292_pflow,spoof
p228_172_pflow,spoof
p228_279_pflow,spoof
p227_019_pflow,spoof
p228_090_pflow,spoof
p228_158_pflow,spoof
p228_002_pflow,spoof
p228_136_pflow,spoof
p228_226_pflow,spoof
p227_220_pflow,spoof
p228_237_pflow,spoof
p227_025_pflow,spoof
p228_014_pflow,spoof
p228_278_pflow,spoof
p228_003_pflow,spoof
p228_008_pflow,spoof
p228_148_pflow,spoof
p227_023_pflow,spoof
p227_265_pflow,spoof
p228_281_pflow,spoof
p227_005_pflow,spoof
p227_206_pflow,spoof
p227_096_pflow,spoof
p228_115_pflow,spoof
p228_081_pflow,spoof
p228_266_pflow,spoof
p227_279_pflow,spoof
p227_113_pflow,spoof
p228_167_pflow,spoof
p227_194_pflow,spoof
p227_062_pflow,spoof
p228_026_pflow,spoof
p227_068_pflow,spoof
p228_111_pflow,spoof
p227_052_pflow,spoof
p228_271_pflow,spoof
p227_225_pflow,spoof
p227_099_pflow,spoof
p227_177_pflow,spoof
p228_146_pflow,spoof
p227_218_pflow,spoof
p228_198_pflow,spoof
p228_181_pflow,spoof
p228_020_pflow,spoof
p228_098_pflow,spoof
p227_272_pflow,spoof
p228_018_pflow,spoof
p228_297_pflow,spoof
p227_193_pflow,spoof
p228_180_pflow,spoof
p228_244_pflow,spoof
p227_128_pflow,spoof
p227_083_pflow,spoof
p227_090_pflow,spoof
p227_278_pflow,spoof
p227_152_pflow,spoof
p228_058_pflow,spoof
p228_016_pflow,spoof
p228_070_pflow,spoof
p228_202_pflow,spoof
p228_227_pflow,spoof
p227_287_pflow,spoof
p227_003_pflow,spoof
p227_033_pflow,spoof
p227_120_pflow,spoof
p227_219_pflow,spoof
p227_159_pflow,spoof
p227_034_pflow,spoof
p228_225_pflow,spoof
p227_018_pflow,spoof
p228_005_pflow,spoof
p227_203_pflow,spoof
p228_247_pflow,spoof
p228_150_pflow,spoof
p227_205_pflow,spoof
p227_216_pflow,spoof
p228_119_pflow,spoof
p227_048_pflow,spoof
p227_170_pflow,spoof
p227_122_pflow,spoof
p228_072_pflow,spoof
p228_234_pflow,spoof
p228_114_pflow,spoof
p228_162_pflow,spoof
p227_063_pflow,spoof
p227_134_pflow,spoof
p228_106_pflow,spoof
p228_155_pflow,spoof
p227_181_pflow,spoof
p228_274_pflow,spoof
p227_260_pflow,spoof
p227_121_pflow,spoof
p228_124_pflow,spoof
p227_108_pflow,spoof
p227_173_pflow,spoof
p228_039_pflow,spoof
p227_106_pflow,spoof
p227_171_pflow,spoof
p227_264_pflow,spoof
p227_036_pflow,spoof
p228_035_pflow,spoof
p227_053_pflow,spoof
p228_033_pflow,spoof
p227_250_pflow,spoof
p227_137_pflow,spoof
p227_056_pflow,spoof
p228_092_pflow,spoof
p227_189_pflow,spoof
p227_280_pflow,spoof
p228_182_pflow,spoof
p228_290_pflow,spoof
p228_036_pflow,spoof
p227_004_pflow,spoof
p228_126_pflow,spoof
p227_115_pflow,spoof
p227_267_pflow,spoof
p228_164_pflow,spoof
p227_105_pflow,spoof
p227_164_pflow,spoof
p227_231_pflow,spoof
p227_291_pflow,spoof
p227_102_pflow,spoof
p227_196_pflow,spoof
p228_175_pflow,spoof
p227_002_pflow,spoof
p227_273_pflow,spoof
p228_253_pflow,spoof
p228_027_pflow,spoof
p228_166_pflow,spoof
p228_077_pflow,spoof
p228_195_pflow,spoof
p228_118_pflow,spoof
p228_127_pflow,spoof
p228_141_pflow,spoof
p227_191_pflow,spoof
p227_045_pflow,spoof
p227_183_pflow,spoof
p228_220_pflow,spoof
p228_275_pflow,spoof
p228_205_pflow,spoof
p227_161_pflow,spoof
p227_118_pflow,spoof
p228_075_pflow,spoof
p227_237_pflow,spoof
p227_192_pflow,spoof
p228_196_pflow,spoof
p228_082_pflow,spoof
p228_161_pflow,spoof
p227_117_pflow,spoof
p227_294_pflow,spoof
p227_188_pflow,spoof
p227_186_pflow,spoof
p227_165_pflow,spoof
p227_209_pflow,spoof
p227_021_pflow,spoof
p228_142_pflow,spoof
p227_024_pflow,spoof
p227_277_pflow,spoof
p227_299_pflow,spoof
p227_030_pflow,spoof
p228_007_pflow,spoof
p227_126_pflow,spoof
p227_077_pflow,spoof
p228_129_pflow,spoof
p227_214_pflow,spoof
p228_168_pflow,spoof
p227_044_pflow,spoof
p227_212_pflow,spoof
p227_032_pflow,spoof
p227_015_pflow,spoof
p228_215_pflow,spoof
p227_082_pflow,spoof
p227_251_pflow,spoof
p227_151_pflow,spoof
p228_257_pflow,spoof
p228_047_pflow,spoof
p228_240_pflow,spoof
p227_074_pflow,spoof
p228_042_pflow,spoof
p227_130_pflow,spoof
p228_153_pflow,spoof
p228_187_pflow,spoof
p227_075_pflow,spoof
p227_255_pflow,spoof
p227_016_pflow,spoof
p228_177_pflow,spoof
p228_034_pflow,spoof
p228_273_pflow,spoof
p227_156_pflow,spoof
p228_087_pflow,spoof
p228_019_pflow,spoof
p227_136_pflow,spoof
p228_179_pflow,spoof
p227_143_pflow,spoof
p228_097_pflow,spoof
p228_232_pflow,spoof
p228_044_pflow,spoof
p227_109_pflow,spoof
p228_277_pflow,spoof
p228_052_pflow,spoof
p228_123_pflow,spoof
p228_125_pflow,spoof
p227_055_pflow,spoof
p228_054_pflow,spoof
p228_001_pflow,spoof
p227_027_pflow,spoof
p228_159_pflow,spoof
p228_188_pflow,spoof
p227_229_pflow,spoof
p228_245_pflow,spoof
p228_057_pflow,spoof
p227_119_pflow,spoof
